Protein,Position,MutationType,OriginalAA,MutatedAA,DeltaDeltaG,FunctionalFitness
1A4V,1,Substitution,Y,C,0.42,9.58
1A4V,1,Substitution,V,S,0.42,9.58
1A4V,1,Substitution,N,H,0.42,9.58
1A4V,1,Insertion,H,T,-0.15,9.85
1A4V,1,Insertion,G,Q,0.94,9.06
1A4V,1,Insertion,C,Y,-1.31,8.69
1A4V,1,Deletion,T,I,-0.59,9.41
1A4V,1,Deletion,Y,A,-0.99,9.01
1A4V,1,Deletion,R,F,-2.43,7.57
1A4V,1,Frameshift,G,F,-4.13,0.0
1A4V,1,Nonsense,L,R,-4.73,0.0
1A4V,1,Silent,S,N,0.0,10.0
1A4V,2,Substitution,V,A,0.42,9.58
1A4V,2,Substitution,S,G,0.42,9.58
1A4V,2,Substitution,D,C,0.42,9.58
1A4V,2,Insertion,C,P,-0.11,9.89
1A4V,2,Insertion,F,H,1.12,8.88
1A4V,2,Insertion,P,H,-1.24,8.76
1A4V,2,Deletion,G,F,0.66,9.34
1A4V,2,Deletion,C,R,-1.01,8.99
1A4V,2,Deletion,S,W,-0.05,9.95
1A4V,2,Frameshift,W,H,-3.0,0.0
1A4V,2,Nonsense,D,Y,-3.69,0.0
1A4V,2,Silent,G,M,0.0,10.0
1A4V,3,Substitution,A,H,0.42,9.58
1A4V,3,Substitution,G,Q,0.42,9.58
1A4V,3,Substitution,C,E,0.42,9.58
1A4V,3,Insertion,M,R,0.5,9.5
1A4V,3,Insertion,A,D,0.13,9.87
1A4V,3,Insertion,H,A,1.4,8.6
1A4V,3,Deletion,G,Y,-2.41,7.59
1A4V,3,Deletion,W,C,0.26,9.74
1A4V,3,Deletion,N,L,-2.36,7.64
1A4V,3,Frameshift,C,C,-4.06,0.0
1A4V,3,Nonsense,L,V,-4.38,0.0
1A4V,3,Silent,T,R,0.0,10.0
1A4V,4,Substitution,G,S,0.42,9.58
1A4V,4,Substitution,T,D,0.42,9.58
1A4V,4,Substitution,L,F,0.42,9.58
1A4V,4,Insertion,Q,P,0.68,9.32
1A4V,4,Insertion,N,I,-0.53,9.47
1A4V,4,Insertion,R,S,-1.56,8.44
1A4V,4,Deletion,F,D,0.41,9.59
1A4V,4,Deletion,P,S,-0.99,9.01
1A4V,4,Deletion,C,G,-0.85,9.15
1A4V,4,Frameshift,G,Q,-3.12,0.0
1A4V,4,Nonsense,I,I,-4.11,0.0
1A4V,4,Silent,H,G,0.0,10.0
1A4V,5,Substitution,I,W,0.42,9.58
1A4V,5,Substitution,Y,I,0.42,9.58
1A4V,5,Substitution,Q,V,0.42,9.58
1A4V,5,Insertion,S,K,-1.39,8.61
1A4V,5,Insertion,L,S,1.26,8.74
1A4V,5,Insertion,P,F,-1.51,8.49
1A4V,5,Deletion,K,I,-2.13,7.87
1A4V,5,Deletion,G,S,-0.6,9.4
1A4V,5,Deletion,Q,A,-0.71,9.29
1A4V,5,Frameshift,P,W,-4.48,0.0
1A4V,5,Nonsense,I,F,-3.21,0.0
1A4V,5,Silent,L,E,0.0,10.0
1A4V,6,Substitution,K,Q,0.42,9.58
1A4V,6,Substitution,C,K,0.42,9.58
1A4V,6,Substitution,A,L,0.42,9.58
1A4V,6,Insertion,L,Y,-0.53,9.47
1A4V,6,Insertion,D,G,0.27,9.73
1A4V,6,Insertion,G,C,-1.46,8.54
1A4V,6,Deletion,V,C,-2.36,7.64
1A4V,6,Deletion,F,Y,0.34,9.66
1A4V,6,Deletion,S,Y,-0.37,9.63
1A4V,6,Frameshift,T,A,-4.93,0.0
1A4V,6,Nonsense,P,K,-4.67,0.0
1A4V,6,Silent,Q,M,0.0,10.0
1A4V,7,Substitution,N,P,0.42,9.58
1A4V,7,Substitution,P,A,0.42,9.58
1A4V,7,Substitution,L,D,0.42,9.58
1A4V,7,Insertion,E,S,-0.99,9.01
1A4V,7,Insertion,T,W,-0.91,9.09
1A4V,7,Insertion,S,R,0.62,9.38
1A4V,7,Deletion,M,A,0.02,9.98
1A4V,7,Deletion,W,E,-1.03,8.97
1A4V,7,Deletion,D,P,0.8,9.2
1A4V,7,Frameshift,V,C,-4.41,0.0
1A4V,7,Nonsense,L,V,-3.87,0.0
1A4V,7,Silent,H,D,0.0,10.0
1A4V,8,Substitution,N,H,0.42,9.58
1A4V,8,Substitution,T,A,0.42,9.58
1A4V,8,Substitution,F,S,0.42,9.58
1A4V,8,Insertion,R,C,1.38,8.62
1A4V,8,Insertion,H,E,0.16,9.84
1A4V,8,Insertion,E,P,-0.67,9.33
1A4V,8,Deletion,D,S,0.23,9.77
1A4V,8,Deletion,E,S,-1.11,8.89
1A4V,8,Deletion,A,F,-2.07,7.93
1A4V,8,Frameshift,M,P,-4.61,0.0
1A4V,8,Nonsense,E,E,-4.83,0.0
1A4V,8,Silent,Y,V,0.0,10.0
1A4V,9,Substitution,V,S,0.42,9.58
1A4V,9,Substitution,K,V,0.42,9.58
1A4V,9,Substitution,C,E,0.42,9.58
1A4V,9,Insertion,N,H,-1.64,8.36
1A4V,9,Insertion,T,S,0.04,9.96
1A4V,9,Insertion,W,K,-0.26,9.74
1A4V,9,Deletion,T,F,-1.93,8.07
1A4V,9,Deletion,S,Q,-0.96,9.04
1A4V,9,Deletion,A,D,-1.78,8.22
1A4V,9,Frameshift,R,W,-3.4,0.0
1A4V,9,Nonsense,W,K,-3.44,0.0
1A4V,9,Silent,F,V,0.0,10.0
1A4V,10,Substitution,S,E,0.42,9.58
1A4V,10,Substitution,N,H,0.42,9.58
1A4V,10,Substitution,Q,N,0.42,9.58
1A4V,10,Insertion,D,F,0.89,9.11
1A4V,10,Insertion,L,L,1.5,8.5
1A4V,10,Insertion,F,P,-0.89,9.11
1A4V,10,Deletion,T,A,-0.94,9.06
1A4V,10,Deletion,V,K,-1.63,8.37
1A4V,10,Deletion,V,Q,-1.36,8.64
1A4V,10,Frameshift,G,L,-4.94,0.0
1A4V,10,Nonsense,E,V,-4.08,0.0
1A4V,10,Silent,T,N,0.0,10.0
1A4V,11,Substitution,H,S,0.42,9.58
1A4V,11,Substitution,M,Q,0.42,9.58
1A4V,11,Substitution,D,W,0.42,9.58
1A4V,11,Insertion,V,L,-1.33,8.67
1A4V,11,Insertion,P,L,1.39,8.61
1A4V,11,Insertion,Y,S,1.7,8.3
1A4V,11,Deletion,G,P,-1.65,8.35
1A4V,11,Deletion,Q,A,0.73,9.27
1A4V,11,Deletion,F,I,-0.84,9.16
1A4V,11,Frameshift,N,F,-4.73,0.0
1A4V,11,Nonsense,P,K,-4.88,0.0
1A4V,11,Silent,A,D,0.0,10.0
1A4V,12,Substitution,V,N,0.42,9.58
1A4V,12,Substitution,D,K,0.42,9.58
1A4V,12,Substitution,C,D,0.42,9.58
1A4V,12,Insertion,Q,E,-0.29,9.71
1A4V,12,Insertion,P,H,1.65,8.35
1A4V,12,Insertion,K,C,-1.46,8.54
1A4V,12,Deletion,K,N,-2.14,7.86
1A4V,12,Deletion,N,R,0.61,9.39
1A4V,12,Deletion,V,P,0.32,9.68
1A4V,12,Frameshift,L,N,-3.78,0.0
1A4V,12,Nonsense,M,C,-3.73,0.0
1A4V,12,Silent,H,G,0.0,10.0
1A4V,13,Substitution,D,P,0.42,9.58
1A4V,13,Substitution,D,G,0.42,9.58
1A4V,13,Substitution,M,T,0.42,9.58
1A4V,13,Insertion,L,N,-0.3,9.7
1A4V,13,Insertion,C,M,0.44,9.56
1A4V,13,Insertion,V,E,-1.38,8.62
1A4V,13,Deletion,Q,N,0.42,9.58
1A4V,13,Deletion,V,M,-0.05,9.95
1A4V,13,Deletion,I,C,-2.0,8.0
1A4V,13,Frameshift,K,W,-3.3,0.0
1A4V,13,Nonsense,W,F,-4.31,0.0
1A4V,13,Silent,I,W,0.0,10.0
1A4V,14,Substitution,I,W,0.42,9.58
1A4V,14,Substitution,V,L,0.42,9.58
1A4V,14,Substitution,H,K,0.42,9.58
1A4V,14,Insertion,A,W,1.28,8.72
1A4V,14,Insertion,A,R,1.64,8.36
1A4V,14,Insertion,H,N,-0.5,9.5
1A4V,14,Deletion,L,F,-0.58,9.42
1A4V,14,Deletion,F,R,0.4,9.6
1A4V,14,Deletion,A,M,-1.03,8.97
1A4V,14,Frameshift,M,V,-4.59,0.0
1A4V,14,Nonsense,S,P,-3.01,0.0
1A4V,14,Silent,S,A,0.0,10.0
1A4V,15,Substitution,T,G,0.42,9.58
1A4V,15,Substitution,C,T,0.42,9.58
1A4V,15,Substitution,G,Q,0.42,9.58
1A4V,15,Insertion,V,G,-1.7,8.3
1A4V,15,Insertion,V,K,-0.03,9.97
1A4V,15,Insertion,L,T,-0.12,9.88
1A4V,15,Deletion,G,Q,-1.41,8.59
1A4V,15,Deletion,G,H,0.63,9.37
1A4V,15,Deletion,Q,W,-2.11,7.89
1A4V,15,Frameshift,H,I,-4.8,0.0
1A4V,15,Nonsense,P,K,-4.64,0.0
1A4V,15,Silent,K,R,0.0,10.0
1A4V,16,Substitution,Y,C,0.42,9.58
1A4V,16,Substitution,P,C,0.42,9.58
1A4V,16,Substitution,W,C,0.42,9.58
1A4V,16,Insertion,D,G,-0.4,9.6
1A4V,16,Insertion,L,G,-0.48,9.52
1A4V,16,Insertion,T,W,-1.33,8.67
1A4V,16,Deletion,H,K,-1.96,8.04
1A4V,16,Deletion,F,D,-1.72,8.28
1A4V,16,Deletion,E,F,0.76,9.24
1A4V,16,Frameshift,V,N,-4.84,0.0
1A4V,16,Nonsense,C,F,-4.5,0.0
1A4V,16,Silent,S,D,0.0,10.0
1A4V,17,Substitution,E,M,0.42,9.58
1A4V,17,Substitution,Q,D,0.42,9.58
1A4V,17,Substitution,S,R,0.42,9.58
1A4V,17,Insertion,L,K,-1.63,8.37
1A4V,17,Insertion,L,T,1.58,8.42
1A4V,17,Insertion,W,C,-0.79,9.21
1A4V,17,Deletion,C,G,0.37,9.63
1A4V,17,Deletion,I,D,-0.34,9.66
1A4V,17,Deletion,S,A,-2.14,7.86
1A4V,17,Frameshift,V,K,-3.75,0.0
1A4V,17,Nonsense,A,L,-4.72,0.0
1A4V,17,Silent,N,E,0.0,10.0
1A4V,18,Substitution,P,T,0.42,9.58
1A4V,18,Substitution,I,Y,0.42,9.58
1A4V,18,Substitution,D,N,0.42,9.58
1A4V,18,Insertion,H,N,-0.96,9.04
1A4V,18,Insertion,Q,F,-0.72,9.28
1A4V,18,Insertion,M,F,-1.53,8.47
1A4V,18,Deletion,T,C,-0.72,9.28
1A4V,18,Deletion,A,H,-0.36,9.64
1A4V,18,Deletion,F,W,0.72,9.28
1A4V,18,Frameshift,M,C,-3.6,0.0
1A4V,18,Nonsense,D,C,-3.67,0.0
1A4V,18,Silent,F,Y,0.0,10.0
1A4V,19,Substitution,P,Y,0.42,9.58
1A4V,19,Substitution,G,Y,0.42,9.58
1A4V,19,Substitution,V,C,0.42,9.58
1A4V,19,Insertion,G,K,-1.19,8.81
1A4V,19,Insertion,A,A,-1.11,8.89
1A4V,19,Insertion,P,W,0.38,9.62
1A4V,19,Deletion,W,D,-0.79,9.21
1A4V,19,Deletion,F,C,-0.42,9.58
1A4V,19,Deletion,P,R,-2.14,7.86
1A4V,19,Frameshift,Y,F,-4.09,0.0
1A4V,19,Nonsense,A,I,-3.96,0.0
1A4V,19,Silent,Y,S,0.0,10.0
1A4V,20,Substitution,V,Y,0.42,9.58
1A4V,20,Substitution,N,P,0.42,9.58
1A4V,20,Substitution,P,L,0.42,9.58
1A4V,20,Insertion,H,Q,1.42,8.58
1A4V,20,Insertion,S,R,-0.18,9.82
1A4V,20,Insertion,I,V,-1.65,8.35
1A4V,20,Deletion,V,P,0.72,9.28
1A4V,20,Deletion,V,R,-1.76,8.24
1A4V,20,Deletion,F,S,-0.12,9.88
1A4V,20,Frameshift,V,T,-4.23,0.0
1A4V,20,Nonsense,E,F,-4.75,0.0
1A4V,20,Silent,S,D,0.0,10.0
1A4V,21,Substitution,V,Q,0.42,9.58
1A4V,21,Substitution,R,T,0.42,9.58
1A4V,21,Substitution,A,T,0.42,9.58
1A4V,21,Insertion,M,T,-0.48,9.52
1A4V,21,Insertion,Y,W,1.01,8.99
1A4V,21,Insertion,P,V,-0.03,9.97
1A4V,21,Deletion,Q,A,0.28,9.72
1A4V,21,Deletion,V,K,-1.42,8.58
1A4V,21,Deletion,T,W,-1.74,8.26
1A4V,21,Frameshift,D,F,-3.94,0.0
1A4V,21,Nonsense,E,L,-4.52,0.0
1A4V,21,Silent,M,S,0.0,10.0
1A4V,22,Substitution,T,S,0.42,9.58
1A4V,22,Substitution,H,S,0.42,9.58
1A4V,22,Substitution,D,S,0.42,9.58
1A4V,22,Insertion,I,N,-0.68,9.32
1A4V,22,Insertion,V,M,-0.42,9.58
1A4V,22,Insertion,T,K,-0.01,9.99
1A4V,22,Deletion,Y,C,-2.29,7.71
1A4V,22,Deletion,G,D,-0.89,9.11
1A4V,22,Deletion,H,A,-0.09,9.91
1A4V,22,Frameshift,F,G,-3.17,0.0
1A4V,22,Nonsense,R,R,-4.07,0.0
1A4V,22,Silent,Q,H,0.0,10.0
1A4V,23,Substitution,Q,L,0.42,9.58
1A4V,23,Substitution,T,Q,0.42,9.58
1A4V,23,Substitution,I,E,0.42,9.58
1A4V,23,Insertion,S,P,0.28,9.72
1A4V,23,Insertion,Y,V,-1.27,8.73
1A4V,23,Insertion,F,K,0.54,9.46
1A4V,23,Deletion,I,Y,-0.07,9.93
1A4V,23,Deletion,W,D,-1.25,8.75
1A4V,23,Deletion,M,T,0.12,9.88
1A4V,23,Frameshift,E,W,-4.7,0.0
1A4V,23,Nonsense,M,F,-4.6,0.0
1A4V,23,Silent,V,M,0.0,10.0
1A4V,24,Substitution,N,C,0.42,9.58
1A4V,24,Substitution,Y,R,0.42,9.58
1A4V,24,Substitution,Y,E,0.42,9.58
1A4V,24,Insertion,V,G,0.47,9.53
1A4V,24,Insertion,W,M,-0.1,9.9
1A4V,24,Insertion,C,I,1.28,8.72
1A4V,24,Deletion,F,V,-1.98,8.02
1A4V,24,Deletion,V,Q,-0.89,9.11
1A4V,24,Deletion,D,K,0.67,9.33
1A4V,24,Frameshift,N,N,-4.65,0.0
1A4V,24,Nonsense,H,Q,-3.99,0.0
1A4V,24,Silent,M,H,0.0,10.0
1A4V,25,Substitution,L,M,0.42,9.58
1A4V,25,Substitution,R,W,0.42,9.58
1A4V,25,Substitution,S,Y,0.42,9.58
1A4V,25,Insertion,N,V,0.78,9.22
1A4V,25,Insertion,F,E,-1.49,8.51
1A4V,25,Insertion,I,K,-1.0,9.0
1A4V,25,Deletion,D,F,-0.34,9.66
1A4V,25,Deletion,V,A,-0.99,9.01
1A4V,25,Deletion,T,T,0.29,9.71
1A4V,25,Frameshift,C,G,-3.95,0.0
1A4V,25,Nonsense,D,N,-4.66,0.0
1A4V,25,Silent,P,C,0.0,10.0
1A4V,26,Substitution,C,R,0.42,9.58
1A4V,26,Substitution,T,H,0.42,9.58
1A4V,26,Substitution,Q,N,0.42,9.58
1A4V,26,Insertion,T,Q,-0.48,9.52
1A4V,26,Insertion,G,V,-1.39,8.61
1A4V,26,Insertion,G,C,1.7,8.3
1A4V,26,Deletion,R,M,-0.38,9.62
1A4V,26,Deletion,A,V,0.31,9.69
1A4V,26,Deletion,M,I,-0.16,9.84
1A4V,26,Frameshift,C,M,-3.7,0.0
1A4V,26,Nonsense,D,Y,-3.1,0.0
1A4V,26,Silent,V,Q,0.0,10.0
1A4V,27,Substitution,V,I,0.42,9.58
1A4V,27,Substitution,L,P,0.42,9.58
1A4V,27,Substitution,I,E,0.42,9.58
1A4V,27,Insertion,E,F,-1.34,8.66
1A4V,27,Insertion,C,I,-0.45,9.55
1A4V,27,Insertion,R,F,1.01,8.99
1A4V,27,Deletion,I,H,-1.3,8.7
1A4V,27,Deletion,Q,V,0.7,9.3
1A4V,27,Deletion,L,V,-1.34,8.66
1A4V,27,Frameshift,H,G,-3.18,0.0
1A4V,27,Nonsense,D,N,-4.65,0.0
1A4V,27,Silent,L,Y,0.0,10.0
1A4V,28,Substitution,W,S,0.42,9.58
1A4V,28,Substitution,M,I,0.42,9.58
1A4V,28,Substitution,D,H,0.42,9.58
1A4V,28,Insertion,H,Q,-0.95,9.05
1A4V,28,Insertion,W,K,0.87,9.13
1A4V,28,Insertion,V,K,-1.13,8.87
1A4V,28,Deletion,L,Y,-2.24,7.76
1A4V,28,Deletion,W,H,-1.96,8.04
1A4V,28,Deletion,S,I,-2.16,7.84
1A4V,28,Frameshift,E,W,-4.93,0.0
1A4V,28,Nonsense,R,Q,-4.57,0.0
1A4V,28,Silent,L,W,0.0,10.0
1A4V,29,Substitution,D,F,0.42,9.58
1A4V,29,Substitution,K,V,0.42,9.58
1A4V,29,Substitution,M,S,0.42,9.58
1A4V,29,Insertion,C,N,1.64,8.36
1A4V,29,Insertion,M,I,1.36,8.64
1A4V,29,Insertion,C,K,0.56,9.44
1A4V,29,Deletion,A,L,-0.54,9.46
1A4V,29,Deletion,I,F,-0.44,9.56
1A4V,29,Deletion,A,R,0.34,9.66
1A4V,29,Frameshift,I,P,-3.87,0.0
1A4V,29,Nonsense,A,M,-4.23,0.0
1A4V,29,Silent,I,F,0.0,10.0
1A4V,30,Substitution,T,I,0.42,9.58
1A4V,30,Substitution,L,C,0.42,9.58
1A4V,30,Substitution,K,D,0.42,9.58
1A4V,30,Insertion,V,H,0.74,9.26
1A4V,30,Insertion,Y,V,1.3,8.7
1A4V,30,Insertion,Q,C,-0.64,9.36
1A4V,30,Deletion,M,S,-1.04,8.96
1A4V,30,Deletion,M,D,0.09,9.91
1A4V,30,Deletion,G,I,-1.04,8.96
1A4V,30,Frameshift,I,C,-3.95,0.0
1A4V,30,Nonsense,N,T,-3.22,0.0
1A4V,30,Silent,Q,Y,0.0,10.0
1A4V,31,Substitution,S,K,0.42,9.58
1A4V,31,Substitution,A,T,0.42,9.58
1A4V,31,Substitution,P,F,0.42,9.58
1A4V,31,Insertion,L,G,0.4,9.6
1A4V,31,Insertion,P,A,-1.44,8.56
1A4V,31,Insertion,R,Q,-0.2,9.8
1A4V,31,Deletion,K,T,-1.48,8.52
1A4V,31,Deletion,M,N,0.41,9.59
1A4V,31,Deletion,T,T,0.78,9.22
1A4V,31,Frameshift,E,H,-4.16,0.0
1A4V,31,Nonsense,Q,H,-4.75,0.0
1A4V,31,Silent,A,E,0.0,10.0
1A4V,32,Substitution,N,D,0.42,9.58
1A4V,32,Substitution,P,Y,0.42,9.58
1A4V,32,Substitution,G,M,0.42,9.58
1A4V,32,Insertion,E,Y,-1.45,8.55
1A4V,32,Insertion,M,A,-0.79,9.21
1A4V,32,Insertion,H,N,-1.67,8.33
1A4V,32,Deletion,H,L,-1.03,8.97
1A4V,32,Deletion,I,K,-0.99,9.01
1A4V,32,Deletion,P,P,-0.26,9.74
1A4V,32,Frameshift,E,N,-4.52,0.0
1A4V,32,Nonsense,P,V,-3.84,0.0
1A4V,32,Silent,R,I,0.0,10.0
1A4V,33,Substitution,R,A,0.42,9.58
1A4V,33,Substitution,Y,L,0.42,9.58
1A4V,33,Substitution,N,F,0.42,9.58
1A4V,33,Insertion,K,I,0.36,9.64
1A4V,33,Insertion,Q,P,0.74,9.26
1A4V,33,Insertion,P,F,1.59,8.41
1A4V,33,Deletion,M,F,-1.96,8.04
1A4V,33,Deletion,M,W,-1.71,8.29
1A4V,33,Deletion,H,H,-0.41,9.59
1A4V,33,Frameshift,D,P,-4.47,0.0
1A4V,33,Nonsense,V,I,-4.17,0.0
1A4V,33,Silent,A,Q,0.0,10.0
1A4V,34,Substitution,T,L,0.42,9.58
1A4V,34,Substitution,N,S,0.42,9.58
1A4V,34,Substitution,Q,S,0.42,9.58
1A4V,34,Insertion,I,L,-0.2,9.8
1A4V,34,Insertion,V,Y,1.56,8.44
1A4V,34,Insertion,S,W,0.08,9.92
1A4V,34,Deletion,I,G,-1.14,8.86
1A4V,34,Deletion,K,E,-2.39,7.61
1A4V,34,Deletion,N,N,-1.91,8.09
1A4V,34,Frameshift,R,K,-4.38,0.0
1A4V,34,Nonsense,S,N,-3.45,0.0
1A4V,34,Silent,H,V,0.0,10.0
1A4V,35,Substitution,R,G,0.42,9.58
1A4V,35,Substitution,N,M,0.42,9.58
1A4V,35,Substitution,Y,D,0.42,9.58
1A4V,35,Insertion,C,G,0.29,9.71
1A4V,35,Insertion,F,V,-0.38,9.62
1A4V,35,Insertion,Y,M,-0.84,9.16
1A4V,35,Deletion,N,G,-0.64,9.36
1A4V,35,Deletion,F,K,0.69,9.31
1A4V,35,Deletion,S,Q,-0.12,9.88
1A4V,35,Frameshift,I,Y,-4.94,0.0
1A4V,35,Nonsense,H,F,-3.92,0.0
1A4V,35,Silent,M,I,0.0,10.0
1A4V,36,Substitution,A,N,0.42,9.58
1A4V,36,Substitution,C,V,0.42,9.58
1A4V,36,Substitution,H,T,0.42,9.58
1A4V,36,Insertion,Q,H,-1.49,8.51
1A4V,36,Insertion,D,G,0.63,9.37
1A4V,36,Insertion,T,N,0.65,9.35
1A4V,36,Deletion,T,L,-0.89,9.11
1A4V,36,Deletion,V,P,-0.72,9.28
1A4V,36,Deletion,T,E,-0.08,9.92
1A4V,36,Frameshift,L,M,-3.7,0.0
1A4V,36,Nonsense,K,R,-3.15,0.0
1A4V,36,Silent,F,T,0.0,10.0
1A4V,37,Substitution,I,I,-1.7,8.3
1A4V,37,Substitution,N,I,0.42,9.58
1A4V,37,Substitution,W,D,0.42,9.58
1A4V,37,Insertion,V,W,-0.32,9.68
1A4V,37,Insertion,R,G,-1.32,8.68
1A4V,37,Insertion,S,V,-0.03,9.97
1A4V,37,Deletion,M,H,-1.99,8.01
1A4V,37,Deletion,T,N,-2.33,7.67
1A4V,37,Deletion,H,Q,-1.74,8.26
1A4V,37,Frameshift,T,E,-4.11,0.0
1A4V,37,Nonsense,Y,H,-4.56,0.0
1A4V,37,Silent,T,H,0.0,10.0
1A4V,38,Substitution,A,H,0.42,9.58
1A4V,38,Substitution,M,K,0.42,9.58
1A4V,38,Substitution,N,D,0.42,9.58
1A4V,38,Insertion,E,E,0.2,9.8
1A4V,38,Insertion,P,W,0.62,9.38
1A4V,38,Insertion,H,S,1.27,8.73
1A4V,38,Deletion,C,H,-2.24,7.76
1A4V,38,Deletion,P,C,-1.84,8.16
1A4V,38,Deletion,M,C,-1.78,8.22
1A4V,38,Frameshift,M,C,-3.08,0.0
1A4V,38,Nonsense,H,P,-3.18,0.0
1A4V,38,Silent,N,W,0.0,10.0
1A4V,39,Substitution,H,G,0.42,9.58
1A4V,39,Substitution,I,P,0.42,9.58
1A4V,39,Substitution,F,C,0.42,9.58
1A4V,39,Insertion,K,M,1.45,8.55
1A4V,39,Insertion,H,H,1.25,8.75
1A4V,39,Insertion,M,M,-0.14,9.86
1A4V,39,Deletion,W,E,-1.91,8.09
1A4V,39,Deletion,T,F,-1.41,8.59
1A4V,39,Deletion,H,K,-2.26,7.74
1A4V,39,Frameshift,A,W,-4.52,0.0
1A4V,39,Nonsense,L,M,-4.33,0.0
1A4V,39,Silent,P,F,0.0,10.0
1A4V,40,Substitution,Y,A,0.42,9.58
1A4V,40,Substitution,Y,D,0.42,9.58
1A4V,40,Substitution,V,K,0.42,9.58
1A4V,40,Insertion,Q,T,-1.52,8.48
1A4V,40,Insertion,E,F,1.3,8.7
1A4V,40,Insertion,T,C,0.26,9.74
1A4V,40,Deletion,F,E,-1.34,8.66
1A4V,40,Deletion,Y,P,-0.32,9.68
1A4V,40,Deletion,H,Y,-1.01,8.99
1A4V,40,Frameshift,E,T,-4.84,0.0
1A4V,40,Nonsense,S,Q,-3.16,0.0
1A4V,40,Silent,Y,I,0.0,10.0
1A4V,41,Substitution,D,W,0.42,9.58
1A4V,41,Substitution,A,C,0.0,10.0
1A4V,41,Substitution,R,L,0.42,9.58
1A4V,41,Insertion,V,Q,-0.54,9.46
1A4V,41,Insertion,P,A,-0.72,9.28
1A4V,41,Insertion,P,Q,-0.67,9.33
1A4V,41,Deletion,R,W,0.35,9.65
1A4V,41,Deletion,D,S,0.54,9.46
1A4V,41,Deletion,N,N,0.58,9.42
1A4V,41,Frameshift,T,I,-3.93,0.0
1A4V,41,Nonsense,Y,M,-3.96,0.0
1A4V,41,Silent,C,L,0.0,10.0
1A4V,42,Substitution,L,M,0.42,9.58
1A4V,42,Substitution,G,E,0.42,9.58
1A4V,42,Substitution,N,M,0.42,9.58
1A4V,42,Insertion,P,F,-1.58,8.42
1A4V,42,Insertion,G,V,0.78,9.22
1A4V,42,Insertion,R,I,0.77,9.23
1A4V,42,Deletion,S,G,-1.17,8.83
1A4V,42,Deletion,D,L,0.06,9.94
1A4V,42,Deletion,Q,E,-1.58,8.42
1A4V,42,Frameshift,G,M,-4.31,0.0
1A4V,42,Nonsense,V,H,-4.12,0.0
1A4V,42,Silent,E,Y,0.0,10.0
1A4V,43,Substitution,A,P,0.42,9.58
1A4V,43,Substitution,V,K,0.42,9.58
1A4V,43,Substitution,K,K,-1.7,8.3
1A4V,43,Insertion,L,C,0.87,9.13
1A4V,43,Insertion,D,M,-0.02,9.98
1A4V,43,Insertion,D,M,-0.3,9.7
1A4V,43,Deletion,Y,L,-1.91,8.09
1A4V,43,Deletion,V,V,-2.25,7.75
1A4V,43,Deletion,V,V,-1.46,8.54
1A4V,43,Frameshift,C,I,-3.83,0.0
1A4V,43,Nonsense,M,H,-4.36,0.0
1A4V,43,Silent,L,F,0.0,10.0
1A4V,44,Substitution,M,A,0.42,9.58
1A4V,44,Substitution,C,A,0.0,10.0
1A4V,44,Substitution,W,C,0.42,9.58
1A4V,44,Insertion,Y,E,-0.57,9.43
1A4V,44,Insertion,Y,V,0.99,9.01
1A4V,44,Insertion,A,Q,1.27,8.73
1A4V,44,Deletion,M,P,-0.48,9.52
1A4V,44,Deletion,P,C,-0.76,9.24
1A4V,44,Deletion,Q,A,-1.76,8.24
1A4V,44,Frameshift,W,D,-4.38,0.0
1A4V,44,Nonsense,F,T,-4.97,0.0
1A4V,44,Silent,H,L,0.0,10.0
1A4V,45,Substitution,M,D,0.42,9.58
1A4V,45,Substitution,Y,L,0.42,9.58
1A4V,45,Substitution,L,Q,0.42,9.58
1A4V,45,Insertion,N,R,-0.74,9.26
1A4V,45,Insertion,L,W,-0.48,9.52
1A4V,45,Insertion,L,C,-0.66,9.34
1A4V,45,Deletion,H,H,-1.26,8.74
1A4V,45,Deletion,K,C,0.34,9.66
1A4V,45,Deletion,A,K,-1.64,8.36
1A4V,45,Frameshift,W,E,-4.55,0.0
1A4V,45,Nonsense,P,E,-4.0,0.0
1A4V,45,Silent,V,N,0.0,10.0
1A4V,46,Substitution,L,M,0.42,9.58
1A4V,46,Substitution,H,K,0.42,9.58
1A4V,46,Substitution,G,W,0.42,9.58
1A4V,46,Insertion,S,R,-0.92,9.08
1A4V,46,Insertion,F,S,0.93,9.07
1A4V,46,Insertion,F,H,1.11,8.89
1A4V,46,Deletion,F,T,-0.59,9.41
1A4V,46,Deletion,I,A,0.37,9.63
1A4V,46,Deletion,R,Y,-2.54,7.46
1A4V,46,Frameshift,M,L,-4.31,0.0
1A4V,46,Nonsense,E,F,-3.87,0.0
1A4V,46,Silent,P,V,0.0,10.0
1A4V,47,Substitution,C,S,0.42,9.58
1A4V,47,Substitution,A,W,0.42,9.58
1A4V,47,Substitution,K,D,0.42,9.58
1A4V,47,Insertion,H,L,1.68,8.32
1A4V,47,Insertion,K,R,1.68,8.32
1A4V,47,Insertion,F,K,-1.31,8.69
1A4V,47,Deletion,K,H,-1.96,8.04
1A4V,47,Deletion,N,K,-1.95,8.05
1A4V,47,Deletion,C,K,-1.57,8.43
1A4V,47,Frameshift,T,A,-4.68,0.0
1A4V,47,Nonsense,G,F,-4.43,0.0
1A4V,47,Silent,K,Q,0.0,10.0
1A4V,48,Substitution,E,E,-1.7,8.3
1A4V,48,Substitution,R,I,0.42,9.58
1A4V,48,Substitution,E,S,0.42,9.58
1A4V,48,Insertion,E,S,-1.14,8.86
1A4V,48,Insertion,S,W,-0.72,9.28
1A4V,48,Insertion,L,F,-0.16,9.84
1A4V,48,Deletion,V,L,-2.36,7.64
1A4V,48,Deletion,V,A,-0.91,9.09
1A4V,48,Deletion,A,R,-1.48,8.52
1A4V,48,Frameshift,Y,L,-3.44,0.0
1A4V,48,Nonsense,C,Q,-3.3,0.0
1A4V,48,Silent,C,H,0.0,10.0
1A4V,49,Substitution,L,Y,0.42,9.58
1A4V,49,Substitution,A,P,0.42,9.58
1A4V,49,Substitution,A,F,0.85,9.15
1A4V,49,Insertion,S,R,-0.73,9.27
1A4V,49,Insertion,S,P,-1.37,8.63
1A4V,49,Insertion,T,C,-1.51,8.49
1A4V,49,Deletion,M,L,-1.31,8.69
1A4V,49,Deletion,T,R,0.71,9.29
1A4V,49,Deletion,I,P,-1.47,8.53
1A4V,49,Frameshift,F,G,-4.9,0.0
1A4V,49,Nonsense,T,M,-3.41,0.0
1A4V,49,Silent,K,C,0.0,10.0
1A4V,50,Substitution,F,A,0.85,9.15
1A4V,50,Substitution,E,E,-1.7,8.3
1A4V,50,Substitution,D,K,0.42,9.58
1A4V,50,Insertion,N,L,1.47,8.53
1A4V,50,Insertion,L,G,-0.9,9.1
1A4V,50,Insertion,C,L,-1.28,8.72
1A4V,50,Deletion,A,I,0.62,9.38
1A4V,50,Deletion,P,R,-0.81,9.19
1A4V,50,Deletion,I,L,0.52,9.48
1A4V,50,Frameshift,V,W,-4.27,0.0
1A4V,50,Nonsense,M,M,-3.06,0.0
1A4V,50,Silent,V,V,0.0,10.0
1HMT,1,Substitution,E,I,0.44,9.56
1HMT,1,Substitution,W,Q,0.44,9.56
1HMT,1,Substitution,H,Q,0.44,9.56
1HMT,1,Insertion,G,N,-0.63,9.37
1HMT,1,Insertion,P,Q,-1.32,8.68
1HMT,1,Insertion,Q,R,-1.44,8.56
1HMT,1,Deletion,K,R,-0.89,9.11
1HMT,1,Deletion,F,P,0.51,9.49
1HMT,1,Deletion,I,Q,-2.24,7.76
1HMT,1,Frameshift,A,D,-4.29,0.0
1HMT,1,Nonsense,W,Q,-4.97,0.0
1HMT,1,Silent,I,P,0.0,10.0
1HMT,2,Substitution,Y,D,0.44,9.56
1HMT,2,Substitution,F,K,0.44,9.56
1HMT,2,Substitution,G,C,0.44,9.56
1HMT,2,Insertion,P,F,-0.39,9.61
1HMT,2,Insertion,I,A,-0.66,9.34
1HMT,2,Insertion,M,H,1.73,8.27
1HMT,2,Deletion,M,S,0.87,9.13
1HMT,2,Deletion,Q,D,0.22,9.78
1HMT,2,Deletion,R,A,-1.23,8.77
1HMT,2,Frameshift,Y,G,-3.82,0.0
1HMT,2,Nonsense,S,W,-4.27,0.0
1HMT,2,Silent,D,F,0.0,10.0
1HMT,3,Substitution,N,N,-1.77,8.23
1HMT,3,Substitution,Y,P,0.44,9.56
1HMT,3,Substitution,Y,K,0.44,9.56
1HMT,3,Insertion,H,E,-0.26,9.74
1HMT,3,Insertion,W,G,-1.45,8.55
1HMT,3,Insertion,M,P,0.62,9.38
1HMT,3,Deletion,Y,R,-0.47,9.53
1HMT,3,Deletion,M,W,-1.86,8.14
1HMT,3,Deletion,I,L,-0.8,9.2
1HMT,3,Frameshift,W,M,-4.44,0.0
1HMT,3,Nonsense,K,Y,-3.7,0.0
1HMT,3,Silent,S,H,0.0,10.0
1HMT,4,Substitution,W,N,0.44,9.56
1HMT,4,Substitution,R,Q,0.44,9.56
1HMT,4,Substitution,M,L,0.44,9.56
1HMT,4,Insertion,M,G,0.08,9.92
1HMT,4,Insertion,W,G,-0.88,9.12
1HMT,4,Insertion,G,T,0.4,9.6
1HMT,4,Deletion,A,D,0.21,9.79
1HMT,4,Deletion,Y,R,-1.37,8.63
1HMT,4,Deletion,M,H,-1.01,8.99
1HMT,4,Frameshift,N,G,-3.89,0.0
1HMT,4,Nonsense,M,W,-3.18,0.0
1HMT,4,Silent,Q,S,0.0,10.0
1HMT,5,Substitution,P,Y,0.44,9.56
1HMT,5,Substitution,E,M,0.44,9.56
1HMT,5,Substitution,T,H,0.44,9.56
1HMT,5,Insertion,Q,M,-0.46,9.54
1HMT,5,Insertion,K,P,-1.35,8.65
1HMT,5,Insertion,M,R,-0.55,9.45
1HMT,5,Deletion,W,A,-0.87,9.13
1HMT,5,Deletion,Q,D,-0.33,9.67
1HMT,5,Deletion,T,D,-1.06,8.94
1HMT,5,Frameshift,Y,P,-4.77,0.0
1HMT,5,Nonsense,W,G,-4.23,0.0
1HMT,5,Silent,R,Y,0.0,10.0
1HMT,6,Substitution,G,L,0.44,9.56
1HMT,6,Substitution,H,T,0.44,9.56
1HMT,6,Substitution,V,T,0.44,9.56
1HMT,6,Insertion,K,L,-0.08,9.92
1HMT,6,Insertion,H,S,0.29,9.71
1HMT,6,Insertion,G,Y,-0.72,9.28
1HMT,6,Deletion,N,C,-2.53,7.47
1HMT,6,Deletion,E,M,-0.18,9.82
1HMT,6,Deletion,E,A,-2.51,7.49
1HMT,6,Frameshift,V,K,-4.8,0.0
1HMT,6,Nonsense,I,W,-4.41,0.0
1HMT,6,Silent,Y,M,0.0,10.0
1HMT,7,Substitution,Q,V,0.44,9.56
1HMT,7,Substitution,S,D,0.44,9.56
1HMT,7,Substitution,R,E,0.44,9.56
1HMT,7,Insertion,F,T,0.08,9.92
1HMT,7,Insertion,Q,S,0.31,9.69
1HMT,7,Insertion,E,M,1.03,8.97
1HMT,7,Deletion,N,E,0.12,9.88
1HMT,7,Deletion,H,A,-1.51,8.49
1HMT,7,Deletion,P,G,-0.1,9.9
1HMT,7,Frameshift,I,W,-3.97,0.0
1HMT,7,Nonsense,F,L,-4.04,0.0
1HMT,7,Silent,F,N,0.0,10.0
1HMT,8,Substitution,H,K,0.44,9.56
1HMT,8,Substitution,N,A,0.44,9.56
1HMT,8,Substitution,M,R,0.44,9.56
1HMT,8,Insertion,C,Y,-1.69,8.31
1HMT,8,Insertion,N,V,0.35,9.65
1HMT,8,Insertion,M,V,-0.41,9.59
1HMT,8,Deletion,F,A,0.3,9.7
1HMT,8,Deletion,M,E,-1.95,8.05
1HMT,8,Deletion,E,T,-0.87,9.13
1HMT,8,Frameshift,C,N,-3.13,0.0
1HMT,8,Nonsense,L,S,-3.27,0.0
1HMT,8,Silent,H,W,0.0,10.0
1HMT,9,Substitution,T,K,0.44,9.56
1HMT,9,Substitution,P,F,0.44,9.56
1HMT,9,Substitution,F,L,0.44,9.56
1HMT,9,Insertion,L,H,-0.45,9.55
1HMT,9,Insertion,H,R,-1.27,8.73
1HMT,9,Insertion,L,R,0.35,9.65
1HMT,9,Deletion,N,R,0.37,9.63
1HMT,9,Deletion,W,D,-1.3,8.7
1HMT,9,Deletion,Y,R,-0.87,9.13
1HMT,9,Frameshift,D,P,-3.89,0.0
1HMT,9,Nonsense,S,P,-3.01,0.0
1HMT,9,Silent,K,Q,0.0,10.0
1HMT,10,Substitution,P,H,0.44,9.56
1HMT,10,Substitution,R,H,0.44,9.56
1HMT,10,Substitution,G,C,0.44,9.56
1HMT,10,Insertion,K,T,0.52,9.48
1HMT,10,Insertion,A,L,1.58,8.42
1HMT,10,Insertion,Q,I,-0.72,9.28
1HMT,10,Deletion,V,N,0.83,9.17
1HMT,10,Deletion,Q,S,-0.25,9.75
1HMT,10,Deletion,E,M,-0.21,9.79
1HMT,10,Frameshift,F,M,-4.91,0.0
1HMT,10,Nonsense,P,M,-3.89,0.0
1HMT,10,Silent,V,W,0.0,10.0
1HMT,11,Substitution,R,K,0.44,9.56
1HMT,11,Substitution,I,Y,0.44,9.56
1HMT,11,Substitution,A,E,0.44,9.56
1HMT,11,Insertion,Q,C,-1.63,8.37
1HMT,11,Insertion,I,G,0.81,9.19
1HMT,11,Insertion,S,H,-0.38,9.62
1HMT,11,Deletion,P,F,-2.32,7.68
1HMT,11,Deletion,V,R,-1.92,8.08
1HMT,11,Deletion,L,P,-0.98,9.02
1HMT,11,Frameshift,N,R,-4.13,0.0
1HMT,11,Nonsense,R,M,-3.31,0.0
1HMT,11,Silent,H,Q,0.0,10.0
1HMT,12,Substitution,Q,P,0.44,9.56
1HMT,12,Substitution,N,K,0.44,9.56
1HMT,12,Substitution,A,W,0.44,9.56
1HMT,12,Insertion,M,W,-0.59,9.41
1HMT,12,Insertion,A,W,0.08,9.92
1HMT,12,Insertion,Y,T,1.62,8.38
1HMT,12,Deletion,D,C,-0.35,9.65
1HMT,12,Deletion,I,S,-0.26,9.74
1HMT,12,Deletion,S,S,0.07,9.93
1HMT,12,Frameshift,P,Q,-4.98,0.0
1HMT,12,Nonsense,I,K,-4.58,0.0
1HMT,12,Silent,W,M,0.0,10.0
1HMT,13,Substitution,M,P,0.44,9.56
1HMT,13,Substitution,M,V,0.44,9.56
1HMT,13,Substitution,R,A,0.44,9.56
1HMT,13,Insertion,H,P,-0.98,9.02
1HMT,13,Insertion,W,R,-1.68,8.32
1HMT,13,Insertion,L,H,0.99,9.01
1HMT,13,Deletion,Y,G,-1.49,8.51
1HMT,13,Deletion,P,I,-0.5,9.5
1HMT,13,Deletion,P,T,-2.19,7.81
1HMT,13,Frameshift,F,T,-3.61,0.0
1HMT,13,Nonsense,C,V,-4.17,0.0
1HMT,13,Silent,M,G,0.0,10.0
1HMT,14,Substitution,G,P,0.44,9.56
1HMT,14,Substitution,M,Q,0.44,9.56
1HMT,14,Substitution,C,I,0.44,9.56
1HMT,14,Insertion,D,D,-1.56,8.44
1HMT,14,Insertion,W,V,0.76,9.24
1HMT,14,Insertion,Y,P,-0.87,9.13
1HMT,14,Deletion,A,E,-1.68,8.32
1HMT,14,Deletion,T,M,-0.57,9.43
1HMT,14,Deletion,S,C,-0.44,9.56
1HMT,14,Frameshift,W,S,-4.41,0.0
1HMT,14,Nonsense,K,A,-4.35,0.0
1HMT,14,Silent,A,C,0.0,10.0
1HMT,15,Substitution,S,N,0.44,9.56
1HMT,15,Substitution,I,V,0.44,9.56
1HMT,15,Substitution,C,P,0.44,9.56
1HMT,15,Insertion,G,G,0.41,9.59
1HMT,15,Insertion,S,M,-1.46,8.54
1HMT,15,Insertion,L,L,0.06,9.94
1HMT,15,Deletion,Y,V,-1.66,8.34
1HMT,15,Deletion,Y,K,-0.52,9.48
1HMT,15,Deletion,E,I,-0.29,9.71
1HMT,15,Frameshift,K,E,-4.47,0.0
1HMT,15,Nonsense,R,D,-3.89,0.0
1HMT,15,Silent,F,F,0.0,10.0
1HMT,16,Substitution,Y,R,0.44,9.56
1HMT,16,Substitution,V,R,0.44,9.56
1HMT,16,Substitution,C,P,0.44,9.56
1HMT,16,Insertion,E,L,0.84,9.16
1HMT,16,Insertion,K,I,0.49,9.51
1HMT,16,Insertion,Q,K,-1.29,8.71
1HMT,16,Deletion,M,D,0.54,9.46
1HMT,16,Deletion,L,P,-1.92,8.08
1HMT,16,Deletion,P,N,-1.4,8.6
1HMT,16,Frameshift,K,Y,-3.98,0.0
1HMT,16,Nonsense,H,I,-3.39,0.0
1HMT,16,Silent,Q,W,0.0,10.0
1HMT,17,Substitution,F,V,0.44,9.56
1HMT,17,Substitution,Y,N,0.44,9.56
1HMT,17,Substitution,T,P,0.44,9.56
1HMT,17,Insertion,C,P,-0.25,9.75
1HMT,17,Insertion,L,G,-0.47,9.53
1HMT,17,Insertion,D,V,-1.04,8.96
1HMT,17,Deletion,Y,F,-1.84,8.16
1HMT,17,Deletion,W,R,0.61,9.39
1HMT,17,Deletion,K,E,0.16,9.84
1HMT,17,Frameshift,N,D,-3.31,0.0
1HMT,17,Nonsense,T,W,-3.09,0.0
1HMT,17,Silent,H,W,0.0,10.0
1HMT,18,Substitution,T,S,0.44,9.56
1HMT,18,Substitution,R,I,0.44,9.56
1HMT,18,Substitution,W,I,0.44,9.56
1HMT,18,Insertion,V,S,1.1,8.9
1HMT,18,Insertion,L,T,-0.7,9.3
1HMT,18,Insertion,P,H,1.27,8.73
1HMT,18,Deletion,C,E,-2.14,7.86
1HMT,18,Deletion,V,G,-0.24,9.76
1HMT,18,Deletion,T,Q,-0.37,9.63
1HMT,18,Frameshift,W,C,-4.87,0.0
1HMT,18,Nonsense,M,G,-4.99,0.0
1HMT,18,Silent,W,S,0.0,10.0
1HMT,19,Substitution,H,I,0.44,9.56
1HMT,19,Substitution,W,Y,0.44,9.56
1HMT,19,Substitution,S,H,0.44,9.56
1HMT,19,Insertion,K,P,0.73,9.27
1HMT,19,Insertion,I,E,0.44,9.56
1HMT,19,Insertion,D,P,-1.58,8.42
1HMT,19,Deletion,A,S,0.35,9.65
1HMT,19,Deletion,N,K,0.25,9.75
1HMT,19,Deletion,L,A,-1.99,8.01
1HMT,19,Frameshift,E,F,-3.98,0.0
1HMT,19,Nonsense,T,D,-3.41,0.0
1HMT,19,Silent,S,D,0.0,10.0
1HMT,20,Substitution,Y,R,0.44,9.56
1HMT,20,Substitution,D,Y,0.44,9.56
1HMT,20,Substitution,Q,S,0.44,9.56
1HMT,20,Insertion,T,Y,-1.37,8.63
1HMT,20,Insertion,V,Q,-0.62,9.38
1HMT,20,Insertion,R,G,-0.53,9.47
1HMT,20,Deletion,V,E,-1.83,8.17
1HMT,20,Deletion,R,D,-0.43,9.57
1HMT,20,Deletion,P,K,-2.19,7.81
1HMT,20,Frameshift,I,Y,-3.91,0.0
1HMT,20,Nonsense,A,C,-4.26,0.0
1HMT,20,Silent,N,Q,0.0,10.0
1HMT,21,Substitution,C,V,0.44,9.56
1HMT,21,Substitution,H,G,0.44,9.56
1HMT,21,Substitution,Q,I,0.44,9.56
1HMT,21,Insertion,C,T,-0.17,9.83
1HMT,21,Insertion,Y,D,1.4,8.6
1HMT,21,Insertion,V,T,-1.29,8.71
1HMT,21,Deletion,S,C,0.64,9.36
1HMT,21,Deletion,H,C,-0.01,9.99
1HMT,21,Deletion,T,H,0.34,9.66
1HMT,21,Frameshift,F,Y,-5.0,0.0
1HMT,21,Nonsense,W,K,-3.86,0.0
1HMT,21,Silent,K,F,0.0,10.0
1HMT,22,Substitution,L,C,0.44,9.56
1HMT,22,Substitution,K,M,0.44,9.56
1HMT,22,Substitution,E,C,0.44,9.56
1HMT,22,Insertion,G,Q,1.33,8.67
1HMT,22,Insertion,H,A,-0.95,9.05
1HMT,22,Insertion,A,E,0.04,9.96
1HMT,22,Deletion,V,M,-0.02,9.98
1HMT,22,Deletion,A,L,-2.27,7.73
1HMT,22,Deletion,E,G,-2.28,7.72
1HMT,22,Frameshift,C,V,-4.62,0.0
1HMT,22,Nonsense,T,P,-4.84,0.0
1HMT,22,Silent,P,T,0.0,10.0
1HMT,23,Substitution,F,M,0.44,9.56
1HMT,23,Substitution,H,L,0.44,9.56
1HMT,23,Substitution,T,R,0.44,9.56
1HMT,23,Insertion,V,W,-1.66,8.34
1HMT,23,Insertion,C,E,1.73,8.27
1HMT,23,Insertion,V,L,0.22,9.78
1HMT,23,Deletion,G,A,0.48,9.52
1HMT,23,Deletion,T,Y,0.4,9.6
1HMT,23,Deletion,Q,K,-2.64,7.36
1HMT,23,Frameshift,N,L,-4.53,0.0
1HMT,23,Nonsense,W,G,-4.33,0.0
1HMT,23,Silent,G,I,0.0,10.0
1HMT,24,Substitution,A,T,0.44,9.56
1HMT,24,Substitution,T,R,0.44,9.56
1HMT,24,Substitution,H,W,0.44,9.56
1HMT,24,Insertion,D,M,1.44,8.56
1HMT,24,Insertion,W,K,0.13,9.87
1HMT,24,Insertion,A,S,0.74,9.26
1HMT,24,Deletion,T,G,-1.52,8.48
1HMT,24,Deletion,R,Q,0.59,9.41
1HMT,24,Deletion,D,W,-1.5,8.5
1HMT,24,Frameshift,C,D,-3.48,0.0
1HMT,24,Nonsense,A,Y,-3.27,0.0
1HMT,24,Silent,G,F,0.0,10.0
1HMT,25,Substitution,A,W,0.44,9.56
1HMT,25,Substitution,A,S,0.44,9.56
1HMT,25,Substitution,N,I,0.44,9.56
1HMT,25,Insertion,S,A,1.19,8.81
1HMT,25,Insertion,M,T,1.13,8.87
1HMT,25,Insertion,H,N,0.38,9.62
1HMT,25,Deletion,N,R,0.46,9.54
1HMT,25,Deletion,P,E,0.02,9.98
1HMT,25,Deletion,S,H,-0.56,9.44
1HMT,25,Frameshift,C,L,-4.61,0.0
1HMT,25,Nonsense,T,F,-3.34,0.0
1HMT,25,Silent,K,Y,0.0,10.0
1HMT,26,Substitution,A,R,0.44,9.56
1HMT,26,Substitution,G,W,0.44,9.56
1HMT,26,Substitution,V,G,0.44,9.56
1HMT,26,Insertion,P,A,-1.63,8.37
1HMT,26,Insertion,P,H,-0.85,9.15
1HMT,26,Insertion,A,R,0.71,9.29
1HMT,26,Deletion,F,C,0.05,9.95
1HMT,26,Deletion,A,S,0.82,9.18
1HMT,26,Deletion,S,Q,-0.96,9.04
1HMT,26,Frameshift,D,R,-3.74,0.0
1HMT,26,Nonsense,C,A,-3.12,0.0
1HMT,26,Silent,H,D,0.0,10.0
1HMT,27,Substitution,V,M,0.44,9.56
1HMT,27,Substitution,H,K,0.44,9.56
1HMT,27,Substitution,A,Q,0.44,9.56
1HMT,27,Insertion,Y,G,-0.51,9.49
1HMT,27,Insertion,H,C,0.67,9.33
1HMT,27,Insertion,T,A,-1.08,8.92
1HMT,27,Deletion,R,L,-0.66,9.34
1HMT,27,Deletion,N,S,-0.19,9.81
1HMT,27,Deletion,R,T,-1.98,8.02
1HMT,27,Frameshift,V,C,-4.24,0.0
1HMT,27,Nonsense,V,H,-4.17,0.0
1HMT,27,Silent,A,M,0.0,10.0
1HMT,28,Substitution,L,F,0.44,9.56
1HMT,28,Substitution,S,M,0.44,9.56
1HMT,28,Substitution,G,K,0.44,9.56
1HMT,28,Insertion,P,I,-1.04,8.96
1HMT,28,Insertion,A,T,-0.95,9.05
1HMT,28,Insertion,C,K,-0.56,9.44
1HMT,28,Deletion,T,V,0.77,9.23
1HMT,28,Deletion,I,M,-1.81,8.19
1HMT,28,Deletion,V,L,-0.76,9.24
1HMT,28,Frameshift,V,L,-4.67,0.0
1HMT,28,Nonsense,F,P,-4.34,0.0
1HMT,28,Silent,K,Q,0.0,10.0
1HMT,29,Substitution,T,E,0.44,9.56
1HMT,29,Substitution,V,Y,0.44,9.56
1HMT,29,Substitution,R,M,0.44,9.56
1HMT,29,Insertion,N,K,-0.66,9.34
1HMT,29,Insertion,R,F,1.32,8.68
1HMT,29,Insertion,Y,Q,1.64,8.36
1HMT,29,Deletion,V,D,-1.41,8.59
1HMT,29,Deletion,L,W,-0.64,9.36
1HMT,29,Deletion,A,N,0.22,9.78
1HMT,29,Frameshift,D,M,-3.41,0.0
1HMT,29,Nonsense,D,I,-3.41,0.0
1HMT,29,Silent,H,Q,0.0,10.0
1HMT,30,Substitution,Q,E,0.44,9.56
1HMT,30,Substitution,S,A,0.44,9.56
1HMT,30,Substitution,T,L,0.44,9.56
1HMT,30,Insertion,S,S,-0.18,9.82
1HMT,30,Insertion,H,G,0.48,9.52
1HMT,30,Insertion,S,H,0.88,9.12
1HMT,30,Deletion,M,Q,-1.63,8.37
1HMT,30,Deletion,P,Y,-1.89,8.11
1HMT,30,Deletion,Y,E,-0.12,9.88
1HMT,30,Frameshift,M,C,-4.15,0.0
1HMT,30,Nonsense,T,N,-3.08,0.0
1HMT,30,Silent,A,P,0.0,10.0
1HMT,31,Substitution,Q,C,0.44,9.56
1HMT,31,Substitution,N,S,0.44,9.56
1HMT,31,Substitution,E,I,0.44,9.56
1HMT,31,Insertion,C,L,1.69,8.31
1HMT,31,Insertion,R,P,0.58,9.42
1HMT,31,Insertion,S,C,-1.23,8.77
1HMT,31,Deletion,Q,D,-0.91,9.09
1HMT,31,Deletion,I,C,0.37,9.63
1HMT,31,Deletion,Q,S,-1.56,8.44
1HMT,31,Frameshift,N,Q,-4.86,0.0
1HMT,31,Nonsense,E,V,-4.34,0.0
1HMT,31,Silent,W,I,0.0,10.0
1HMT,32,Substitution,H,S,0.44,9.56
1HMT,32,Substitution,W,G,0.44,9.56
1HMT,32,Substitution,Y,M,0.44,9.56
1HMT,32,Insertion,F,S,-0.51,9.49
1HMT,32,Insertion,F,M,-0.8,9.2
1HMT,32,Insertion,D,F,0.73,9.27
1HMT,32,Deletion,F,K,-0.41,9.59
1HMT,32,Deletion,G,T,-0.82,9.18
1HMT,32,Deletion,I,M,-0.16,9.84
1HMT,32,Frameshift,L,D,-4.39,0.0
1HMT,32,Nonsense,Q,L,-3.14,0.0
1HMT,32,Silent,N,Q,0.0,10.0
1HMT,33,Substitution,C,K,0.44,9.56
1HMT,33,Substitution,L,T,0.44,9.56
1HMT,33,Substitution,T,D,0.44,9.56
1HMT,33,Insertion,W,A,0.23,9.77
1HMT,33,Insertion,E,L,-1.18,8.82
1HMT,33,Insertion,L,E,0.29,9.71
1HMT,33,Deletion,W,C,-2.23,7.77
1HMT,33,Deletion,L,C,-2.01,7.99
1HMT,33,Deletion,W,M,-0.45,9.55
1HMT,33,Frameshift,N,K,-4.18,0.0
1HMT,33,Nonsense,M,E,-4.6,0.0
1HMT,33,Silent,Y,S,0.0,10.0
1HMT,34,Substitution,I,E,0.44,9.56
1HMT,34,Substitution,L,N,0.44,9.56
1HMT,34,Substitution,Q,S,0.44,9.56
1HMT,34,Insertion,V,N,-0.54,9.46
1HMT,34,Insertion,H,Y,1.5,8.5
1HMT,34,Insertion,H,K,-0.61,9.39
1HMT,34,Deletion,G,G,-2.53,7.47
1HMT,34,Deletion,N,N,0.36,9.64
1HMT,34,Deletion,G,T,-0.45,9.55
1HMT,34,Frameshift,G,W,-4.83,0.0
1HMT,34,Nonsense,I,G,-3.77,0.0
1HMT,34,Silent,H,A,0.0,10.0
1HMT,35,Substitution,V,Y,0.44,9.56
1HMT,35,Substitution,N,S,0.44,9.56
1HMT,35,Substitution,L,L,-1.77,8.23
1HMT,35,Insertion,Q,Y,-0.43,9.57
1HMT,35,Insertion,L,M,1.04,8.96
1HMT,35,Insertion,Y,I,1.19,8.81
1HMT,35,Deletion,H,I,0.69,9.31
1HMT,35,Deletion,C,V,-2.3,7.7
1HMT,35,Deletion,F,C,-0.47,9.53
1HMT,35,Frameshift,W,V,-4.31,0.0
1HMT,35,Nonsense,V,Q,-4.3,0.0
1HMT,35,Silent,I,N,0.0,10.0
1HMT,36,Substitution,L,Y,0.44,9.56
1HMT,36,Substitution,T,M,0.44,9.56
1HMT,36,Substitution,C,E,0.44,9.56
1HMT,36,Insertion,A,R,-0.76,9.24
1HMT,36,Insertion,E,L,0.46,9.54
1HMT,36,Insertion,F,W,-1.06,8.94
1HMT,36,Deletion,S,A,-2.32,7.68
1HMT,36,Deletion,C,I,-2.05,7.95
1HMT,36,Deletion,S,F,-2.08,7.92
1HMT,36,Frameshift,P,W,-4.31,0.0
1HMT,36,Nonsense,I,N,-3.19,0.0
1HMT,36,Silent,N,V,0.0,10.0
1HMT,37,Substitution,P,F,0.44,9.56
1HMT,37,Substitution,N,C,0.44,9.56
1HMT,37,Substitution,F,H,0.44,9.56
1HMT,37,Insertion,N,S,-1.65,8.35
1HMT,37,Insertion,K,R,1.35,8.65
1HMT,37,Insertion,F,M,1.42,8.58
1HMT,37,Deletion,P,K,-2.2,7.8
1HMT,37,Deletion,V,R,-1.95,8.05
1HMT,37,Deletion,H,I,-1.23,8.77
1HMT,37,Frameshift,D,R,-4.63,0.0
1HMT,37,Nonsense,G,A,-4.58,0.0
1HMT,37,Silent,N,F,0.0,10.0
1HMT,38,Substitution,S,P,0.44,9.56
1HMT,38,Substitution,P,T,0.44,9.56
1HMT,38,Substitution,H,I,0.44,9.56
1HMT,38,Insertion,P,S,-0.56,9.44
1HMT,38,Insertion,E,I,0.23,9.77
1HMT,38,Insertion,L,N,-0.19,9.81
1HMT,38,Deletion,F,S,-2.53,7.47
1HMT,38,Deletion,K,N,-1.23,8.77
1HMT,38,Deletion,Y,D,-2.19,7.81
1HMT,38,Frameshift,Q,C,-3.5,0.0
1HMT,38,Nonsense,L,P,-3.65,0.0
1HMT,38,Silent,Q,M,0.0,10.0
1HMT,39,Substitution,L,G,0.44,9.56
1HMT,39,Substitution,E,A,0.44,9.56
1HMT,39,Substitution,H,K,0.44,9.56
1HMT,39,Insertion,I,F,1.52,8.48
1HMT,39,Insertion,L,M,1.06,8.94
1HMT,39,Insertion,G,R,-1.55,8.45
1HMT,39,Deletion,W,W,-1.94,8.06
1HMT,39,Deletion,E,V,-2.49,7.51
1HMT,39,Deletion,E,N,-1.81,8.19
1HMT,39,Frameshift,F,D,-3.72,0.0
1HMT,39,Nonsense,V,M,-3.1,0.0
1HMT,39,Silent,C,K,0.0,10.0
1HMT,40,Substitution,Q,E,0.44,9.56
1HMT,40,Substitution,K,P,0.44,9.56
1HMT,40,Substitution,V,R,0.44,9.56
1HMT,40,Insertion,L,S,-1.57,8.43
1HMT,40,Insertion,F,C,-0.09,9.91
1HMT,40,Insertion,H,T,-0.35,9.65
1HMT,40,Deletion,D,Q,0.48,9.52
1HMT,40,Deletion,H,T,-1.46,8.54
1HMT,40,Deletion,E,T,-1.66,8.34
1HMT,40,Frameshift,E,H,-4.49,0.0
1HMT,40,Nonsense,T,I,-3.68,0.0
1HMT,40,Silent,R,R,0.0,10.0
1HMT,41,Substitution,I,S,0.44,9.56
1HMT,41,Substitution,W,M,0.44,9.56
1HMT,41,Substitution,C,T,0.44,9.56
1HMT,41,Insertion,S,R,0.77,9.23
1HMT,41,Insertion,E,S,-0.09,9.91
1HMT,41,Insertion,N,E,0.91,9.09
1HMT,41,Deletion,T,V,0.4,9.6
1HMT,41,Deletion,T,N,-0.71,9.29
1HMT,41,Deletion,E,N,-1.94,8.06
1HMT,41,Frameshift,Y,R,-3.35,0.0
1HMT,41,Nonsense,S,F,-4.2,0.0
1HMT,41,Silent,T,V,0.0,10.0
1HMT,42,Substitution,F,P,0.44,9.56
1HMT,42,Substitution,W,P,0.44,9.56
1HMT,42,Substitution,V,Q,0.44,9.56
1HMT,42,Insertion,E,E,0.76,9.24
1HMT,42,Insertion,W,P,-1.06,8.94
1HMT,42,Insertion,N,E,-0.44,9.56
1HMT,42,Deletion,C,F,-2.64,7.36
1HMT,42,Deletion,L,K,-2.03,7.97
1HMT,42,Deletion,F,L,-1.76,8.24
1HMT,42,Frameshift,W,I,-4.75,0.0
1HMT,42,Nonsense,T,H,-3.73,0.0
1HMT,42,Silent,T,K,0.0,10.0
1HMT,43,Substitution,T,F,0.44,9.56
1HMT,43,Substitution,Y,I,0.44,9.56
1HMT,43,Substitution,G,M,0.44,9.56
1HMT,43,Insertion,W,E,0.22,9.78
1HMT,43,Insertion,P,Q,0.39,9.61
1HMT,43,Insertion,M,T,1.73,8.27
1HMT,43,Deletion,N,L,-0.85,9.15
1HMT,43,Deletion,A,H,-1.47,8.53
1HMT,43,Deletion,S,Q,-0.86,9.14
1HMT,43,Frameshift,Y,G,-4.44,0.0
1HMT,43,Nonsense,F,V,-4.35,0.0
1HMT,43,Silent,W,A,0.0,10.0
1HMT,44,Substitution,A,P,0.44,9.56
1HMT,44,Substitution,D,L,0.44,9.56
1HMT,44,Substitution,D,K,0.44,9.56
1HMT,44,Insertion,I,D,0.82,9.18
1HMT,44,Insertion,P,G,-1.55,8.45
1HMT,44,Insertion,Y,Y,-1.36,8.64
1HMT,44,Deletion,C,S,0.69,9.31
1HMT,44,Deletion,W,P,-1.43,8.57
1HMT,44,Deletion,K,T,-0.44,9.56
1HMT,44,Frameshift,W,W,-3.64,0.0
1HMT,44,Nonsense,L,L,-3.12,0.0
1HMT,44,Silent,K,T,0.0,10.0
1HMT,45,Substitution,R,C,0.44,9.56
1HMT,45,Substitution,E,W,0.44,9.56
1HMT,45,Substitution,T,F,0.44,9.56
1HMT,45,Insertion,H,V,-0.75,9.25
1HMT,45,Insertion,H,T,1.36,8.64
1HMT,45,Insertion,I,P,-1.58,8.42
1HMT,45,Deletion,F,N,0.34,9.66
1HMT,45,Deletion,K,E,-0.73,9.27
1HMT,45,Deletion,Q,F,-0.83,9.17
1HMT,45,Frameshift,W,N,-4.73,0.0
1HMT,45,Nonsense,M,D,-4.97,0.0
1HMT,45,Silent,A,R,0.0,10.0
1HMT,46,Substitution,K,R,0.44,9.56
1HMT,46,Substitution,D,W,0.44,9.56
1HMT,46,Substitution,P,N,0.44,9.56
1HMT,46,Insertion,Y,A,-1.11,8.89
1HMT,46,Insertion,P,A,-0.94,9.06
1HMT,46,Insertion,H,V,1.22,8.78
1HMT,46,Deletion,V,H,0.43,9.57
1HMT,46,Deletion,V,N,-1.06,8.94
1HMT,46,Deletion,C,H,-1.28,8.72
1HMT,46,Frameshift,G,K,-3.27,0.0
1HMT,46,Nonsense,Q,I,-3.07,0.0
1HMT,46,Silent,D,V,0.0,10.0
1HMT,47,Substitution,F,Q,0.44,9.56
1HMT,47,Substitution,E,H,0.44,9.56
1HMT,47,Substitution,Y,N,0.44,9.56
1HMT,47,Insertion,C,M,-1.16,8.84
1HMT,47,Insertion,S,Y,-0.96,9.04
1HMT,47,Insertion,E,R,-0.4,9.6
1HMT,47,Deletion,A,H,-1.54,8.46
1HMT,47,Deletion,N,L,-1.52,8.48
1HMT,47,Deletion,V,L,-1.56,8.44
1HMT,47,Frameshift,N,H,-4.18,0.0
1HMT,47,Nonsense,L,R,-3.85,0.0
1HMT,47,Silent,T,E,0.0,10.0
1HMT,48,Substitution,H,K,0.44,9.56
1HMT,48,Substitution,W,H,0.44,9.56
1HMT,48,Substitution,C,G,0.44,9.56
1HMT,48,Insertion,V,G,1.73,8.27
1HMT,48,Insertion,W,C,1.21,8.79
1HMT,48,Insertion,Q,G,1.22,8.78
1HMT,48,Deletion,V,D,0.67,9.33
1HMT,48,Deletion,L,W,-2.4,7.6
1HMT,48,Deletion,N,S,-1.88,8.12
1HMT,48,Frameshift,P,C,-4.75,0.0
1HMT,48,Nonsense,H,T,-4.46,0.0
1HMT,48,Silent,W,F,0.0,10.0
1HMT,49,Substitution,L,K,0.44,9.56
1HMT,49,Substitution,P,W,0.44,9.56
1HMT,49,Substitution,G,E,0.44,9.56
1HMT,49,Insertion,D,D,-0.2,9.8
1HMT,49,Insertion,F,I,0.77,9.23
1HMT,49,Insertion,D,N,-0.24,9.76
1HMT,49,Deletion,P,E,-0.01,9.99
1HMT,49,Deletion,P,G,-0.22,9.78
1HMT,49,Deletion,I,T,-2.45,7.55
1HMT,49,Frameshift,K,C,-4.98,0.0
1HMT,49,Nonsense,Y,C,-4.34,0.0
1HMT,49,Silent,M,R,0.0,10.0
1HMT,50,Substitution,M,D,0.44,9.56
1HMT,50,Substitution,D,N,0.44,9.56
1HMT,50,Substitution,F,Y,0.44,9.56
1HMT,50,Insertion,H,H,-1.59,8.41
1HMT,50,Insertion,P,N,0.11,9.89
1HMT,50,Insertion,L,A,-0.37,9.63
1HMT,50,Deletion,S,P,-2.65,7.35
1HMT,50,Deletion,F,M,-0.1,9.9
1HMT,50,Deletion,L,L,-0.13,9.87
1HMT,50,Frameshift,D,I,-4.95,0.0
1HMT,50,Nonsense,P,H,-4.41,0.0
1HMT,50,Silent,G,K,0.0,10.0
1PVA,1,Substitution,R,M,0.53,9.47
1PVA,1,Substitution,M,A,0.53,9.47
1PVA,1,Substitution,T,R,0.53,9.47
1PVA,1,Insertion,Y,G,-0.88,9.12
1PVA,1,Insertion,R,K,0.8,9.2
1PVA,1,Insertion,T,V,-2.08,7.92
1PVA,1,Deletion,Y,K,-1.28,8.72
1PVA,1,Deletion,A,V,-1.89,8.11
1PVA,1,Deletion,C,R,-1.67,8.33
1PVA,1,Frameshift,Q,F,-3.76,0.0
1PVA,1,Nonsense,V,Q,-3.91,0.0
1PVA,1,Silent,P,D,0.0,10.0
1PVA,2,Substitution,G,I,0.53,9.47
1PVA,2,Substitution,N,P,0.53,9.47
1PVA,2,Substitution,M,N,0.53,9.47
1PVA,2,Insertion,A,T,2.03,7.97
1PVA,2,Insertion,P,V,1.49,8.51
1PVA,2,Insertion,N,G,-1.65,8.35
1PVA,2,Deletion,E,D,-1.06,8.94
1PVA,2,Deletion,N,M,-1.23,8.77
1PVA,2,Deletion,V,W,-2.42,7.58
1PVA,2,Frameshift,G,V,-3.04,0.0
1PVA,2,Nonsense,E,N,-3.41,0.0
1PVA,2,Silent,C,T,0.0,10.0
1PVA,3,Substitution,M,M,-2.11,7.89
1PVA,3,Substitution,S,C,0.53,9.47
1PVA,3,Substitution,C,I,0.53,9.47
1PVA,3,Insertion,P,L,-0.1,9.9
1PVA,3,Insertion,E,R,-1.13,8.87
1PVA,3,Insertion,M,H,1.19,8.81
1PVA,3,Deletion,Y,V,0.09,9.91
1PVA,3,Deletion,N,K,0.36,9.64
1PVA,3,Deletion,E,F,-1.57,8.43
1PVA,3,Frameshift,L,M,-4.91,0.0
1PVA,3,Nonsense,L,I,-3.3,0.0
1PVA,3,Silent,I,S,0.0,10.0
1PVA,4,Substitution,F,D,0.53,9.47
1PVA,4,Substitution,N,P,0.53,9.47
1PVA,4,Substitution,P,L,0.53,9.47
1PVA,4,Insertion,E,K,-1.46,8.54
1PVA,4,Insertion,C,W,-0.02,9.98
1PVA,4,Insertion,H,T,0.57,9.43
1PVA,4,Deletion,Y,D,-2.92,7.08
1PVA,4,Deletion,H,Q,-0.54,9.46
1PVA,4,Deletion,P,Y,-1.53,8.47
1PVA,4,Frameshift,V,E,-3.31,0.0
1PVA,4,Nonsense,A,P,-3.05,0.0
1PVA,4,Silent,L,M,0.0,10.0
1PVA,5,Substitution,K,K,-2.11,7.89
1PVA,5,Substitution,F,A,1.05,8.95
1PVA,5,Substitution,T,C,0.53,9.47
1PVA,5,Insertion,P,K,1.9,8.1
1PVA,5,Insertion,F,M,0.27,9.73
1PVA,5,Insertion,D,N,1.09,8.91
1PVA,5,Deletion,W,P,-1.67,8.33
1PVA,5,Deletion,R,H,0.4,9.6
1PVA,5,Deletion,F,Q,0.13,9.87
1PVA,5,Frameshift,L,Y,-4.0,0.0
1PVA,5,Nonsense,Y,P,-3.82,0.0
1PVA,5,Silent,K,S,0.0,10.0
1PVA,6,Substitution,W,S,0.53,9.47
1PVA,6,Substitution,H,Q,0.53,9.47
1PVA,6,Substitution,Q,E,0.53,9.47
1PVA,6,Insertion,R,D,0.03,9.97
1PVA,6,Insertion,D,R,1.31,8.69
1PVA,6,Insertion,I,E,0.82,9.18
1PVA,6,Deletion,L,E,-2.52,7.48
1PVA,6,Deletion,T,Y,-1.37,8.63
1PVA,6,Deletion,F,K,-3.16,6.84
1PVA,6,Frameshift,G,F,-3.55,0.0
1PVA,6,Nonsense,I,H,-4.59,0.0
1PVA,6,Silent,Y,D,0.0,10.0
1PVA,7,Substitution,W,R,0.53,9.47
1PVA,7,Substitution,E,N,0.53,9.47
1PVA,7,Substitution,G,W,0.53,9.47
1PVA,7,Insertion,E,R,-0.35,9.65
1PVA,7,Insertion,P,V,1.67,8.33
1PVA,7,Insertion,F,S,1.34,8.66
1PVA,7,Deletion,Q,S,0.64,9.36
1PVA,7,Deletion,E,H,-2.23,7.77
1PVA,7,Deletion,I,T,-1.56,8.44
1PVA,7,Frameshift,L,L,-4.96,0.0
1PVA,7,Nonsense,C,K,-4.46,0.0
1PVA,7,Silent,L,T,0.0,10.0
1PVA,8,Substitution,E,S,0.53,9.47
1PVA,8,Substitution,Y,R,0.53,9.47
1PVA,8,Substitution,F,G,0.53,9.47
1PVA,8,Insertion,T,A,0.88,9.12
1PVA,8,Insertion,W,E,1.99,8.01
1PVA,8,Insertion,C,I,-1.35,8.65
1PVA,8,Deletion,H,G,0.72,9.28
1PVA,8,Deletion,H,T,-3.03,6.97
1PVA,8,Deletion,K,K,-1.71,8.29
1PVA,8,Frameshift,G,Y,-3.04,0.0
1PVA,8,Nonsense,D,T,-3.6,0.0
1PVA,8,Silent,N,S,0.0,10.0
1PVA,9,Substitution,R,P,0.53,9.47
1PVA,9,Substitution,A,T,0.53,9.47
1PVA,9,Substitution,D,R,0.53,9.47
1PVA,9,Insertion,E,E,-0.49,9.51
1PVA,9,Insertion,W,M,1.43,8.57
1PVA,9,Insertion,I,Q,0.86,9.14
1PVA,9,Deletion,Q,C,-1.32,8.68
1PVA,9,Deletion,E,W,-0.18,9.82
1PVA,9,Deletion,A,T,-0.88,9.12
1PVA,9,Frameshift,A,F,-3.56,0.0
1PVA,9,Nonsense,G,I,-4.64,0.0
1PVA,9,Silent,D,W,0.0,10.0
1PVA,10,Substitution,N,S,0.53,9.47
1PVA,10,Substitution,M,L,0.53,9.47
1PVA,10,Substitution,Y,E,0.53,9.47
1PVA,10,Insertion,N,C,1.57,8.43
1PVA,10,Insertion,W,F,-1.81,8.19
1PVA,10,Insertion,Q,D,1.48,8.52
1PVA,10,Deletion,W,W,-3.11,6.89
1PVA,10,Deletion,S,I,-2.94,7.06
1PVA,10,Deletion,T,N,-1.95,8.05
1PVA,10,Frameshift,M,F,-4.29,0.0
1PVA,10,Nonsense,T,G,-4.33,0.0
1PVA,10,Silent,Q,F,0.0,10.0
1PVA,11,Substitution,A,V,0.53,9.47
1PVA,11,Substitution,S,K,0.53,9.47
1PVA,11,Substitution,W,F,0.53,9.47
1PVA,11,Insertion,C,R,-0.5,9.5
1PVA,11,Insertion,A,P,1.2,8.8
1PVA,11,Insertion,H,R,-1.62,8.38
1PVA,11,Deletion,W,Y,-1.99,8.01
1PVA,11,Deletion,V,L,0.69,9.31
1PVA,11,Deletion,I,L,-2.41,7.59
1PVA,11,Frameshift,G,F,-3.04,0.0
1PVA,11,Nonsense,K,F,-4.62,0.0
1PVA,11,Silent,Y,K,0.0,10.0
1PVA,12,Substitution,T,T,-2.11,7.89
1PVA,12,Substitution,N,H,0.53,9.47
1PVA,12,Substitution,D,L,0.53,9.47
1PVA,12,Insertion,C,D,-0.98,9.02
1PVA,12,Insertion,L,G,1.98,8.02
1PVA,12,Insertion,M,H,-1.38,8.62
1PVA,12,Deletion,R,G,-2.87,7.13
1PVA,12,Deletion,K,Y,-0.64,9.36
1PVA,12,Deletion,Y,D,-0.43,9.57
1PVA,12,Frameshift,C,D,-4.25,0.0
1PVA,12,Nonsense,L,K,-3.59,0.0
1PVA,12,Silent,S,G,0.0,10.0
1PVA,13,Substitution,K,E,0.53,9.47
1PVA,13,Substitution,C,E,0.53,9.47
1PVA,13,Substitution,A,W,0.53,9.47
1PVA,13,Insertion,L,R,-1.21,8.79
1PVA,13,Insertion,W,S,-2.08,7.92
1PVA,13,Insertion,E,C,-0.53,9.47
1PVA,13,Deletion,P,A,-3.1,6.9
1PVA,13,Deletion,E,H,-2.1,7.9
1PVA,13,Deletion,E,W,0.88,9.12
1PVA,13,Frameshift,E,K,-3.32,0.0
1PVA,13,Nonsense,L,G,-3.05,0.0
1PVA,13,Silent,T,L,0.0,10.0
1PVA,14,Substitution,V,V,-2.11,7.89
1PVA,14,Substitution,D,Y,0.53,9.47
1PVA,14,Substitution,R,R,-2.11,7.89
1PVA,14,Insertion,E,K,-0.26,9.74
1PVA,14,Insertion,W,T,0.2,9.8
1PVA,14,Insertion,K,L,0.85,9.15
1PVA,14,Deletion,P,I,-0.4,9.6
1PVA,14,Deletion,R,Y,-3.11,6.89
1PVA,14,Deletion,A,Q,-2.02,7.98
1PVA,14,Frameshift,S,C,-4.87,0.0
1PVA,14,Nonsense,V,D,-4.57,0.0
1PVA,14,Silent,A,M,0.0,10.0
1PVA,15,Substitution,S,V,0.53,9.47
1PVA,15,Substitution,S,L,0.53,9.47
1PVA,15,Substitution,V,G,0.53,9.47
1PVA,15,Insertion,W,E,1.82,8.18
1PVA,15,Insertion,P,Q,-0.43,9.57
1PVA,15,Insertion,G,A,-1.04,8.96
1PVA,15,Deletion,Q,I,-2.87,7.13
1PVA,15,Deletion,L,T,0.72,9.28
1PVA,15,Deletion,G,M,-0.89,9.11
1PVA,15,Frameshift,T,A,-3.21,0.0
1PVA,15,Nonsense,K,V,-3.43,0.0
1PVA,15,Silent,C,M,0.0,10.0
1PVA,16,Substitution,G,I,0.53,9.47
1PVA,16,Substitution,E,V,0.53,9.47
1PVA,16,Substitution,M,F,0.53,9.47
1PVA,16,Insertion,R,V,1.37,8.63
1PVA,16,Insertion,M,P,-0.84,9.16
1PVA,16,Insertion,H,M,-0.04,9.96
1PVA,16,Deletion,E,R,-1.98,8.02
1PVA,16,Deletion,D,Q,-3.11,6.89
1PVA,16,Deletion,A,G,-2.49,7.51
1PVA,16,Frameshift,S,F,-3.43,0.0
1PVA,16,Nonsense,V,H,-3.56,0.0
1PVA,16,Silent,R,Y,0.0,10.0
1PVA,17,Substitution,W,D,0.53,9.47
1PVA,17,Substitution,E,F,0.53,9.47
1PVA,17,Substitution,A,E,0.53,9.47
1PVA,17,Insertion,N,L,0.15,9.85
1PVA,17,Insertion,Y,P,-0.81,9.19
1PVA,17,Insertion,F,E,0.56,9.44
1PVA,17,Deletion,T,L,-2.02,7.98
1PVA,17,Deletion,S,A,-1.82,8.18
1PVA,17,Deletion,K,G,-0.83,9.17
1PVA,17,Frameshift,D,H,-4.61,0.0
1PVA,17,Nonsense,F,L,-3.23,0.0
1PVA,17,Silent,N,S,0.0,10.0
1PVA,18,Substitution,D,K,0.53,9.47
1PVA,18,Substitution,R,F,0.53,9.47
1PVA,18,Substitution,P,Q,0.53,9.47
1PVA,18,Insertion,Y,R,-0.04,9.96
1PVA,18,Insertion,P,T,1.01,8.99
1PVA,18,Insertion,C,F,0.98,9.02
1PVA,18,Deletion,V,A,-1.71,8.29
1PVA,18,Deletion,M,L,0.56,9.44
1PVA,18,Deletion,L,R,-2.72,7.28
1PVA,18,Frameshift,E,C,-3.96,0.0
1PVA,18,Nonsense,M,Q,-4.67,0.0
1PVA,18,Silent,R,W,0.0,10.0
1PVA,19,Substitution,R,I,0.53,9.47
1PVA,19,Substitution,M,K,0.53,9.47
1PVA,19,Substitution,R,A,0.53,9.47
1PVA,19,Insertion,A,W,0.75,9.25
1PVA,19,Insertion,I,R,1.07,8.93
1PVA,19,Insertion,V,C,-0.37,9.63
1PVA,19,Deletion,A,C,-3.07,6.93
1PVA,19,Deletion,R,P,-0.23,9.77
1PVA,19,Deletion,H,T,-2.29,7.71
1PVA,19,Frameshift,F,T,-3.64,0.0
1PVA,19,Nonsense,T,H,-4.16,0.0
1PVA,19,Silent,T,T,0.0,10.0
1PVA,20,Substitution,M,D,0.53,9.47
1PVA,20,Substitution,R,M,0.53,9.47
1PVA,20,Substitution,S,K,0.53,9.47
1PVA,20,Insertion,A,S,-1.25,8.75
1PVA,20,Insertion,N,W,-0.9,9.1
1PVA,20,Insertion,H,Q,0.04,9.96
1PVA,20,Deletion,W,C,-1.46,8.54
1PVA,20,Deletion,R,D,-3.11,6.89
1PVA,20,Deletion,Q,I,-3.1,6.9
1PVA,20,Frameshift,S,C,-4.87,0.0
1PVA,20,Nonsense,G,N,-4.64,0.0
1PVA,20,Silent,I,E,0.0,10.0
1PVA,21,Substitution,R,Y,0.53,9.47
1PVA,21,Substitution,T,P,0.53,9.47
1PVA,21,Substitution,V,C,0.53,9.47
1PVA,21,Insertion,P,P,2.06,7.94
1PVA,21,Insertion,Y,L,-0.75,9.25
1PVA,21,Insertion,W,D,-0.63,9.37
1PVA,21,Deletion,I,E,-1.21,8.79
1PVA,21,Deletion,Y,M,-0.39,9.61
1PVA,21,Deletion,M,M,0.34,9.66
1PVA,21,Frameshift,T,K,-4.99,0.0
1PVA,21,Nonsense,C,R,-4.9,0.0
1PVA,21,Silent,E,I,0.0,10.0
1PVA,22,Substitution,K,F,0.53,9.47
1PVA,22,Substitution,S,P,0.53,9.47
1PVA,22,Substitution,H,Y,0.53,9.47
1PVA,22,Insertion,T,D,0.72,9.28
1PVA,22,Insertion,N,H,0.69,9.31
1PVA,22,Insertion,G,T,-1.02,8.98
1PVA,22,Deletion,D,E,0.43,9.57
1PVA,22,Deletion,L,N,-1.16,8.84
1PVA,22,Deletion,P,M,-2.02,7.98
1PVA,22,Frameshift,I,I,-4.37,0.0
1PVA,22,Nonsense,I,P,-4.57,0.0
1PVA,22,Silent,N,L,0.0,10.0
1PVA,23,Substitution,N,M,0.53,9.47
1PVA,23,Substitution,R,S,0.53,9.47
1PVA,23,Substitution,T,C,0.53,9.47
1PVA,23,Insertion,V,N,-0.24,9.76
1PVA,23,Insertion,V,T,-0.96,9.04
1PVA,23,Insertion,G,R,0.58,9.42
1PVA,23,Deletion,D,A,-0.93,9.07
1PVA,23,Deletion,Q,P,-0.4,9.6
1PVA,23,Deletion,H,L,-0.37,9.63
1PVA,23,Frameshift,R,R,-3.44,0.0
1PVA,23,Nonsense,G,Y,-3.45,0.0
1PVA,23,Silent,Y,N,0.0,10.0
1PVA,24,Substitution,A,I,0.53,9.47
1PVA,24,Substitution,A,F,1.05,8.95
1PVA,24,Substitution,G,D,0.53,9.47
1PVA,24,Insertion,R,F,0.55,9.45
1PVA,24,Insertion,Q,V,1.2,8.8
1PVA,24,Insertion,Q,I,1.0,9.0
1PVA,24,Deletion,H,I,-0.35,9.65
1PVA,24,Deletion,V,C,-0.01,9.99
1PVA,24,Deletion,A,G,-2.76,7.24
1PVA,24,Frameshift,Y,N,-4.35,0.0
1PVA,24,Nonsense,L,D,-3.0,0.0
1PVA,24,Silent,D,R,0.0,10.0
1PVA,25,Substitution,S,P,0.53,9.47
1PVA,25,Substitution,T,D,0.53,9.47
1PVA,25,Substitution,Y,M,0.53,9.47
1PVA,25,Insertion,W,M,-2.05,7.95
1PVA,25,Insertion,S,D,-2.04,7.96
1PVA,25,Insertion,Q,V,0.87,9.13
1PVA,25,Deletion,E,R,-1.01,8.99
1PVA,25,Deletion,D,D,-0.53,9.47
1PVA,25,Deletion,L,W,-0.71,9.29
1PVA,25,Frameshift,W,M,-3.65,0.0
1PVA,25,Nonsense,M,Y,-3.86,0.0
1PVA,25,Silent,M,Q,0.0,10.0
1PVA,26,Substitution,C,F,0.53,9.47
1PVA,26,Substitution,F,W,0.53,9.47
1PVA,26,Substitution,N,V,0.53,9.47
1PVA,26,Insertion,E,T,-0.16,9.84
1PVA,26,Insertion,G,Q,-1.88,8.12
1PVA,26,Insertion,M,V,-0.58,9.42
1PVA,26,Deletion,V,M,-2.46,7.54
1PVA,26,Deletion,F,K,-0.45,9.55
1PVA,26,Deletion,K,L,-0.82,9.18
1PVA,26,Frameshift,A,H,-3.8,0.0
1PVA,26,Nonsense,R,I,-3.59,0.0
1PVA,26,Silent,V,R,0.0,10.0
1PVA,27,Substitution,T,Q,0.53,9.47
1PVA,27,Substitution,Q,V,0.53,9.47
1PVA,27,Substitution,Y,V,0.53,9.47
1PVA,27,Insertion,S,A,0.46,9.54
1PVA,27,Insertion,M,R,1.43,8.57
1PVA,27,Insertion,Y,G,0.15,9.85
1PVA,27,Deletion,P,P,-0.7,9.3
1PVA,27,Deletion,T,G,-0.45,9.55
1PVA,27,Deletion,M,I,-2.76,7.24
1PVA,27,Frameshift,M,Y,-4.94,0.0
1PVA,27,Nonsense,I,T,-3.79,0.0
1PVA,27,Silent,Y,S,0.0,10.0
1PVA,28,Substitution,Q,M,0.53,9.47
1PVA,28,Substitution,H,S,0.53,9.47
1PVA,28,Substitution,P,R,0.53,9.47
1PVA,28,Insertion,S,K,2.1,7.9
1PVA,28,Insertion,Y,F,1.68,8.32
1PVA,28,Insertion,R,I,1.86,8.14
1PVA,28,Deletion,Q,Y,-1.7,8.3
1PVA,28,Deletion,N,T,-0.34,9.66
1PVA,28,Deletion,L,W,-0.84,9.16
1PVA,28,Frameshift,C,V,-4.17,0.0
1PVA,28,Nonsense,C,Y,-4.89,0.0
1PVA,28,Silent,L,Y,0.0,10.0
1PVA,29,Substitution,R,F,0.53,9.47
1PVA,29,Substitution,Y,D,0.53,9.47
1PVA,29,Substitution,F,I,0.53,9.47
1PVA,29,Insertion,I,I,-2.07,7.93
1PVA,29,Insertion,I,M,-0.73,9.27
1PVA,29,Insertion,I,L,-1.03,8.97
1PVA,29,Deletion,T,E,-0.32,9.68
1PVA,29,Deletion,E,F,-2.45,7.55
1PVA,29,Deletion,E,V,-1.72,8.28
1PVA,29,Frameshift,C,M,-3.87,0.0
1PVA,29,Nonsense,F,G,-3.44,0.0
1PVA,29,Silent,Q,D,0.0,10.0
1PVA,30,Substitution,N,S,0.53,9.47
1PVA,30,Substitution,T,A,0.53,9.47
1PVA,30,Substitution,L,L,-2.11,7.89
1PVA,30,Insertion,C,K,-1.3,8.7
1PVA,30,Insertion,S,V,0.71,9.29
1PVA,30,Insertion,I,T,1.53,8.47
1PVA,30,Deletion,R,R,-0.89,9.11
1PVA,30,Deletion,H,P,1.01,8.99
1PVA,30,Deletion,K,I,-1.6,8.4
1PVA,30,Frameshift,V,P,-3.52,0.0
1PVA,30,Nonsense,N,N,-3.63,0.0
1PVA,30,Silent,H,D,0.0,10.0
1PVA,31,Substitution,S,V,0.53,9.47
1PVA,31,Substitution,S,H,0.53,9.47
1PVA,31,Substitution,E,I,0.53,9.47
1PVA,31,Insertion,P,P,1.9,8.1
1PVA,31,Insertion,F,G,0.29,9.71
1PVA,31,Insertion,Q,E,1.98,8.02
1PVA,31,Deletion,I,P,-0.37,9.63
1PVA,31,Deletion,G,G,0.44,9.56
1PVA,31,Deletion,D,D,-2.39,7.61
1PVA,31,Frameshift,C,S,-4.43,0.0
1PVA,31,Nonsense,G,I,-3.88,0.0
1PVA,31,Silent,G,Q,0.0,10.0
1PVA,32,Substitution,D,L,0.53,9.47
1PVA,32,Substitution,D,N,0.53,9.47
1PVA,32,Substitution,T,F,0.53,9.47
1PVA,32,Insertion,Y,K,-1.04,8.96
1PVA,32,Insertion,Y,H,0.38,9.62
1PVA,32,Insertion,E,P,0.52,9.48
1PVA,32,Deletion,L,V,-2.94,7.06
1PVA,32,Deletion,Y,P,-2.18,7.82
1PVA,32,Deletion,E,A,-0.83,9.17
1PVA,32,Frameshift,P,T,-4.41,0.0
1PVA,32,Nonsense,I,V,-3.1,0.0
1PVA,32,Silent,Q,I,0.0,10.0
1PVA,33,Substitution,I,R,0.53,9.47
1PVA,33,Substitution,P,H,0.53,9.47
1PVA,33,Substitution,F,T,0.53,9.47
1PVA,33,Insertion,S,C,1.1,8.9
1PVA,33,Insertion,T,H,1.84,8.16
1PVA,33,Insertion,V,Q,1.38,8.62
1PVA,33,Deletion,P,M,-3.03,6.97
1PVA,33,Deletion,S,T,-1.01,8.99
1PVA,33,Deletion,Y,R,0.68,9.32
1PVA,33,Frameshift,L,N,-4.0,0.0
1PVA,33,Nonsense,Y,A,-3.29,0.0
1PVA,33,Silent,K,R,0.0,10.0
1PVA,34,Substitution,A,N,0.53,9.47
1PVA,34,Substitution,D,M,0.53,9.47
1PVA,34,Substitution,C,S,0.53,9.47
1PVA,34,Insertion,K,R,-0.14,9.86
1PVA,34,Insertion,P,Q,1.75,8.25
1PVA,34,Insertion,I,I,1.78,8.22
1PVA,34,Deletion,N,A,-0.59,9.41
1PVA,34,Deletion,L,W,0.0,10.0
1PVA,34,Deletion,M,T,-2.27,7.73
1PVA,34,Frameshift,I,G,-4.27,0.0
1PVA,34,Nonsense,G,F,-3.5,0.0
1PVA,34,Silent,W,I,0.0,10.0
1PVA,35,Substitution,K,T,0.53,9.47
1PVA,35,Substitution,D,W,0.53,9.47
1PVA,35,Substitution,M,T,0.53,9.47
1PVA,35,Insertion,W,C,0.71,9.29
1PVA,35,Insertion,W,H,-0.99,9.01
1PVA,35,Insertion,T,G,0.75,9.25
1PVA,35,Deletion,G,C,-0.55,9.45
1PVA,35,Deletion,F,W,-1.03,8.97
1PVA,35,Deletion,T,M,-1.73,8.27
1PVA,35,Frameshift,P,Y,-3.64,0.0
1PVA,35,Nonsense,T,K,-4.31,0.0
1PVA,35,Silent,Q,W,0.0,10.0
1PVA,36,Substitution,D,Q,0.53,9.47
1PVA,36,Substitution,I,A,0.53,9.47
1PVA,36,Substitution,L,V,0.53,9.47
1PVA,36,Insertion,S,I,0.17,9.83
1PVA,36,Insertion,N,I,1.85,8.15
1PVA,36,Insertion,V,E,-1.27,8.73
1PVA,36,Deletion,K,R,-2.48,7.52
1PVA,36,Deletion,N,Q,-1.27,8.73
1PVA,36,Deletion,C,D,-2.12,7.88
1PVA,36,Frameshift,L,K,-3.5,0.0
1PVA,36,Nonsense,I,L,-4.65,0.0
1PVA,36,Silent,F,D,0.0,10.0
1PVA,37,Substitution,S,T,0.53,9.47
1PVA,37,Substitution,R,D,0.53,9.47
1PVA,37,Substitution,N,K,0.53,9.47
1PVA,37,Insertion,N,R,-0.41,9.59
1PVA,37,Insertion,V,Y,1.09,8.91
1PVA,37,Insertion,E,S,0.81,9.19
1PVA,37,Deletion,A,C,-2.38,7.62
1PVA,37,Deletion,Y,T,0.31,9.69
1PVA,37,Deletion,A,Y,-1.95,8.05
1PVA,37,Frameshift,R,Q,-3.81,0.0
1PVA,37,Nonsense,Q,F,-4.29,0.0
1PVA,37,Silent,M,S,0.0,10.0
1PVA,38,Substitution,N,R,0.53,9.47
1PVA,38,Substitution,E,V,0.53,9.47
1PVA,38,Substitution,D,I,0.53,9.47
1PVA,38,Insertion,D,I,-0.42,9.58
1PVA,38,Insertion,Y,T,-1.76,8.24
1PVA,38,Insertion,M,F,-1.69,8.31
1PVA,38,Deletion,F,P,-0.7,9.3
1PVA,38,Deletion,F,K,0.61,9.39
1PVA,38,Deletion,C,A,-0.21,9.79
1PVA,38,Frameshift,W,M,-3.94,0.0
1PVA,38,Nonsense,N,H,-4.65,0.0
1PVA,38,Silent,I,K,0.0,10.0
1PVA,39,Substitution,H,R,0.53,9.47
1PVA,39,Substitution,C,Y,0.53,9.47
1PVA,39,Substitution,N,A,0.53,9.47
1PVA,39,Insertion,I,F,0.48,9.52
1PVA,39,Insertion,A,L,-0.59,9.41
1PVA,39,Insertion,R,T,-1.79,8.21
1PVA,39,Deletion,D,P,0.19,9.81
1PVA,39,Deletion,R,T,-1.78,8.22
1PVA,39,Deletion,P,T,0.36,9.64
1PVA,39,Frameshift,S,Q,-3.17,0.0
1PVA,39,Nonsense,D,Q,-4.63,0.0
1PVA,39,Silent,I,R,0.0,10.0
1PVA,40,Substitution,P,T,0.53,9.47
1PVA,40,Substitution,D,G,0.53,9.47
1PVA,40,Substitution,F,T,0.53,9.47
1PVA,40,Insertion,C,R,-0.1,9.9
1PVA,40,Insertion,Y,G,-1.43,8.57
1PVA,40,Insertion,V,V,-0.71,9.29
1PVA,40,Deletion,Q,Q,-2.87,7.13
1PVA,40,Deletion,N,R,-0.58,9.42
1PVA,40,Deletion,M,R,-0.37,9.63
1PVA,40,Frameshift,T,D,-4.29,0.0
1PVA,40,Nonsense,E,D,-4.19,0.0
1PVA,40,Silent,S,N,0.0,10.0
1PVA,41,Substitution,I,T,0.53,9.47
1PVA,41,Substitution,H,M,0.53,9.47
1PVA,41,Substitution,V,A,0.53,9.47
1PVA,41,Insertion,D,E,-0.37,9.63
1PVA,41,Insertion,Q,F,-1.81,8.19
1PVA,41,Insertion,R,E,0.24,9.76
1PVA,41,Deletion,S,S,-2.99,7.01
1PVA,41,Deletion,P,P,-0.17,9.83
1PVA,41,Deletion,D,I,-1.04,8.96
1PVA,41,Frameshift,M,K,-4.37,0.0
1PVA,41,Nonsense,C,I,-4.9,0.0
1PVA,41,Silent,N,W,0.0,10.0
1PVA,42,Substitution,H,L,0.53,9.47
1PVA,42,Substitution,S,D,0.53,9.47
1PVA,42,Substitution,L,G,0.53,9.47
1PVA,42,Insertion,V,V,0.75,9.25
1PVA,42,Insertion,H,C,1.37,8.63
1PVA,42,Insertion,P,F,-2.07,7.93
1PVA,42,Deletion,Q,N,-1.56,8.44
1PVA,42,Deletion,G,L,0.4,9.6
1PVA,42,Deletion,I,K,-1.86,8.14
1PVA,42,Frameshift,Y,G,-4.35,0.0
1PVA,42,Nonsense,D,L,-4.99,0.0
1PVA,42,Silent,T,E,0.0,10.0
1PVA,43,Substitution,E,T,0.53,9.47
1PVA,43,Substitution,K,W,0.53,9.47
1PVA,43,Substitution,F,G,0.53,9.47
1PVA,43,Insertion,D,A,-0.42,9.58
1PVA,43,Insertion,S,M,-0.19,9.81
1PVA,43,Insertion,L,D,2.1,7.9
1PVA,43,Deletion,N,Q,-0.26,9.74
1PVA,43,Deletion,T,K,-2.33,7.67
1PVA,43,Deletion,L,W,0.58,9.42
1PVA,43,Frameshift,F,R,-4.01,0.0
1PVA,43,Nonsense,C,P,-3.87,0.0
1PVA,43,Silent,R,L,0.0,10.0
1PVA,44,Substitution,Q,L,0.53,9.47
1PVA,44,Substitution,Q,K,0.53,9.47
1PVA,44,Substitution,Q,D,0.53,9.47
1PVA,44,Insertion,Y,S,-1.42,8.58
1PVA,44,Insertion,D,M,-2.01,7.99
1PVA,44,Insertion,P,H,-1.54,8.46
1PVA,44,Deletion,C,N,-3.01,6.99
1PVA,44,Deletion,V,M,-1.39,8.61
1PVA,44,Deletion,W,V,0.46,9.54
1PVA,44,Frameshift,S,G,-3.44,0.0
1PVA,44,Nonsense,M,R,-4.5,0.0
1PVA,44,Silent,L,N,0.0,10.0
1PVA,45,Substitution,P,E,0.53,9.47
1PVA,45,Substitution,H,C,0.53,9.47
1PVA,45,Substitution,R,I,0.53,9.47
1PVA,45,Insertion,H,R,0.06,9.94
1PVA,45,Insertion,I,N,-0.38,9.62
1PVA,45,Insertion,M,T,-1.17,8.83
1PVA,45,Deletion,T,E,0.28,9.72
1PVA,45,Deletion,F,S,-2.35,7.65
1PVA,45,Deletion,R,N,-1.95,8.05
1PVA,45,Frameshift,S,Q,-3.5,0.0
1PVA,45,Nonsense,P,Y,-4.01,0.0
1PVA,45,Silent,F,D,0.0,10.0
1PVA,46,Substitution,R,E,0.53,9.47
1PVA,46,Substitution,R,Q,0.53,9.47
1PVA,46,Substitution,Y,W,0.53,9.47
1PVA,46,Insertion,P,L,-1.23,8.77
1PVA,46,Insertion,F,Y,0.2,9.8
1PVA,46,Insertion,G,E,-0.39,9.61
1PVA,46,Deletion,S,V,-2.92,7.08
1PVA,46,Deletion,E,P,-1.74,8.26
1PVA,46,Deletion,C,P,-2.12,7.88
1PVA,46,Frameshift,E,Y,-3.21,0.0
1PVA,46,Nonsense,E,K,-4.54,0.0
1PVA,46,Silent,W,G,0.0,10.0
1PVA,47,Substitution,G,Y,0.53,9.47
1PVA,47,Substitution,R,R,-2.11,7.89
1PVA,47,Substitution,Y,K,0.53,9.47
1PVA,47,Insertion,E,V,-0.43,9.57
1PVA,47,Insertion,Y,M,-0.59,9.41
1PVA,47,Insertion,E,N,-1.77,8.23
1PVA,47,Deletion,L,K,-2.5,7.5
1PVA,47,Deletion,H,E,0.96,9.04
1PVA,47,Deletion,D,W,0.99,9.01
1PVA,47,Frameshift,C,Y,-4.11,0.0
1PVA,47,Nonsense,C,T,-4.0,0.0
1PVA,47,Silent,S,Q,0.0,10.0
1PVA,48,Substitution,H,M,0.53,9.47
1PVA,48,Substitution,A,M,0.53,9.47
1PVA,48,Substitution,E,H,0.53,9.47
1PVA,48,Insertion,R,V,-1.04,8.96
1PVA,48,Insertion,T,A,-0.03,9.97
1PVA,48,Insertion,A,R,-1.22,8.78
1PVA,48,Deletion,L,H,-2.1,7.9
1PVA,48,Deletion,E,N,-2.91,7.09
1PVA,48,Deletion,M,I,-2.77,7.23
1PVA,48,Frameshift,M,P,-4.73,0.0
1PVA,48,Nonsense,D,L,-3.22,0.0
1PVA,48,Silent,C,T,0.0,10.0
1PVA,49,Substitution,S,C,0.53,9.47
1PVA,49,Substitution,Y,G,0.53,9.47
1PVA,49,Substitution,L,L,-2.11,7.89
1PVA,49,Insertion,I,A,0.53,9.47
1PVA,49,Insertion,K,L,-1.05,8.95
1PVA,49,Insertion,S,P,0.45,9.55
1PVA,49,Deletion,Y,V,-2.97,7.03
1PVA,49,Deletion,K,S,-1.72,8.28
1PVA,49,Deletion,C,N,-1.76,8.24
1PVA,49,Frameshift,N,K,-3.75,0.0
1PVA,49,Nonsense,C,S,-4.94,0.0
1PVA,49,Silent,C,A,0.0,10.0
1PVA,50,Substitution,W,E,0.53,9.47
1PVA,50,Substitution,C,Q,0.53,9.47
1PVA,50,Substitution,C,R,0.53,9.47
1PVA,50,Insertion,N,F,0.32,9.68
1PVA,50,Insertion,H,L,0.2,9.8
1PVA,50,Insertion,F,V,-1.57,8.43
1PVA,50,Deletion,C,N,-2.53,7.47
1PVA,50,Deletion,G,E,1.02,8.98
1PVA,50,Deletion,Q,S,1.03,8.97
1PVA,50,Frameshift,A,P,-3.64,0.0
1PVA,50,Nonsense,V,G,-4.41,0.0
1PVA,50,Silent,P,S,0.0,10.0
1PZ4,1,Substitution,M,L,0.45,9.55
1PZ4,1,Substitution,D,Q,0.45,9.55
1PZ4,1,Substitution,S,L,0.45,9.55
1PZ4,1,Insertion,L,N,1.18,8.82
1PZ4,1,Insertion,A,F,-0.9,9.1
1PZ4,1,Insertion,M,N,0.74,9.26
1PZ4,1,Deletion,Y,M,-0.05,9.95
1PZ4,1,Deletion,F,N,-0.99,9.01
1PZ4,1,Deletion,T,N,-1.09,8.91
1PZ4,1,Frameshift,R,R,-3.88,0.0
1PZ4,1,Nonsense,Y,V,-3.03,0.0
1PZ4,1,Silent,K,F,0.0,10.0
1PZ4,2,Substitution,Y,A,0.45,9.55
1PZ4,2,Substitution,D,G,0.45,9.55
1PZ4,2,Substitution,F,F,-1.79,8.21
1PZ4,2,Insertion,A,T,0.3,9.7
1PZ4,2,Insertion,N,L,-0.37,9.63
1PZ4,2,Insertion,V,M,-1.73,8.27
1PZ4,2,Deletion,V,H,-1.06,8.94
1PZ4,2,Deletion,R,M,-0.93,9.07
1PZ4,2,Deletion,N,G,-2.18,7.82
1PZ4,2,Frameshift,P,Y,-3.59,0.0
1PZ4,2,Nonsense,L,I,-3.06,0.0
1PZ4,2,Silent,A,I,0.0,10.0
1PZ4,3,Substitution,G,F,0.45,9.55
1PZ4,3,Substitution,R,R,-1.79,8.21
1PZ4,3,Substitution,C,A,0.0,10.0
1PZ4,3,Insertion,M,L,-1.73,8.27
1PZ4,3,Insertion,V,T,1.18,8.82
1PZ4,3,Insertion,R,I,0.96,9.04
1PZ4,3,Deletion,I,Q,0.6,9.4
1PZ4,3,Deletion,A,W,0.68,9.32
1PZ4,3,Deletion,Q,S,-0.35,9.65
1PZ4,3,Frameshift,C,V,-3.79,0.0
1PZ4,3,Nonsense,K,A,-4.19,0.0
1PZ4,3,Silent,S,P,0.0,10.0
1PZ4,4,Substitution,K,P,0.45,9.55
1PZ4,4,Substitution,K,M,0.45,9.55
1PZ4,4,Substitution,E,C,0.45,9.55
1PZ4,4,Insertion,G,Q,1.52,8.48
1PZ4,4,Insertion,W,G,1.44,8.56
1PZ4,4,Insertion,P,K,-0.65,9.35
1PZ4,4,Deletion,P,M,-1.34,8.66
1PZ4,4,Deletion,H,R,-0.43,9.57
1PZ4,4,Deletion,H,R,-0.2,9.8
1PZ4,4,Frameshift,A,T,-3.91,0.0
1PZ4,4,Nonsense,D,N,-4.97,0.0
1PZ4,4,Silent,M,D,0.0,10.0
1PZ4,5,Substitution,I,Q,0.45,9.55
1PZ4,5,Substitution,Q,L,0.45,9.55
1PZ4,5,Substitution,C,Q,0.45,9.55
1PZ4,5,Insertion,K,D,0.15,9.85
1PZ4,5,Insertion,I,S,1.24,8.76
1PZ4,5,Insertion,N,F,-0.36,9.64
1PZ4,5,Deletion,F,R,-0.77,9.23
1PZ4,5,Deletion,R,M,0.05,9.95
1PZ4,5,Deletion,G,Q,-0.11,9.89
1PZ4,5,Frameshift,M,P,-3.36,0.0
1PZ4,5,Nonsense,M,S,-3.71,0.0
1PZ4,5,Silent,R,E,0.0,10.0
1PZ4,6,Substitution,M,W,0.45,9.55
1PZ4,6,Substitution,R,E,0.45,9.55
1PZ4,6,Substitution,P,W,0.45,9.55
1PZ4,6,Insertion,C,Q,-0.05,9.95
1PZ4,6,Insertion,S,Y,0.61,9.39
1PZ4,6,Insertion,R,D,0.29,9.71
1PZ4,6,Deletion,L,E,-0.12,9.88
1PZ4,6,Deletion,C,T,0.81,9.19
1PZ4,6,Deletion,M,H,-0.25,9.75
1PZ4,6,Frameshift,L,H,-3.95,0.0
1PZ4,6,Nonsense,H,T,-3.87,0.0
1PZ4,6,Silent,L,E,0.0,10.0
1PZ4,7,Substitution,Y,E,0.45,9.55
1PZ4,7,Substitution,H,A,0.45,9.55
1PZ4,7,Substitution,N,P,0.45,9.55
1PZ4,7,Insertion,L,R,1.62,8.38
1PZ4,7,Insertion,K,K,0.52,9.48
1PZ4,7,Insertion,L,I,0.97,9.03
1PZ4,7,Deletion,T,F,-1.6,8.4
1PZ4,7,Deletion,W,E,-1.17,8.83
1PZ4,7,Deletion,L,V,0.06,9.94
1PZ4,7,Frameshift,L,A,-4.15,0.0
1PZ4,7,Nonsense,F,R,-4.53,0.0
1PZ4,7,Silent,N,C,0.0,10.0
1PZ4,8,Substitution,A,T,0.45,9.55
1PZ4,8,Substitution,S,F,0.45,9.55
1PZ4,8,Substitution,R,D,0.45,9.55
1PZ4,8,Insertion,H,M,-0.96,9.04
1PZ4,8,Insertion,Q,P,0.34,9.66
1PZ4,8,Insertion,C,D,0.35,9.65
1PZ4,8,Deletion,V,D,-1.1,8.9
1PZ4,8,Deletion,H,K,-0.21,9.79
1PZ4,8,Deletion,H,Q,-2.31,7.69
1PZ4,8,Frameshift,G,L,-3.19,0.0
1PZ4,8,Nonsense,P,Q,-4.47,0.0
1PZ4,8,Silent,F,A,0.0,10.0
1PZ4,9,Substitution,E,D,0.45,9.55
1PZ4,9,Substitution,K,I,0.45,9.55
1PZ4,9,Substitution,A,G,0.45,9.55
1PZ4,9,Insertion,K,H,-1.54,8.46
1PZ4,9,Insertion,T,C,0.61,9.39
1PZ4,9,Insertion,N,I,1.36,8.64
1PZ4,9,Deletion,V,D,-0.78,9.22
1PZ4,9,Deletion,D,G,-2.5,7.5
1PZ4,9,Deletion,N,C,-1.39,8.61
1PZ4,9,Frameshift,D,C,-4.11,0.0
1PZ4,9,Nonsense,Y,I,-3.84,0.0
1PZ4,9,Silent,E,F,0.0,10.0
1PZ4,10,Substitution,P,R,0.45,9.55
1PZ4,10,Substitution,S,L,0.45,9.55
1PZ4,10,Substitution,S,N,0.45,9.55
1PZ4,10,Insertion,T,S,0.59,9.41
1PZ4,10,Insertion,Y,D,1.53,8.47
1PZ4,10,Insertion,P,W,-1.24,8.76
1PZ4,10,Deletion,F,Y,0.63,9.37
1PZ4,10,Deletion,N,A,0.33,9.67
1PZ4,10,Deletion,Y,G,-1.76,8.24
1PZ4,10,Frameshift,I,H,-3.27,0.0
1PZ4,10,Nonsense,S,N,-3.44,0.0
1PZ4,10,Silent,C,Q,0.0,10.0
1PZ4,11,Substitution,E,A,0.45,9.55
1PZ4,11,Substitution,V,P,0.45,9.55
1PZ4,11,Substitution,C,K,0.45,9.55
1PZ4,11,Insertion,C,K,0.03,9.97
1PZ4,11,Insertion,D,Y,-0.79,9.21
1PZ4,11,Insertion,E,V,0.06,9.94
1PZ4,11,Deletion,D,M,-0.63,9.37
1PZ4,11,Deletion,F,Y,-1.94,8.06
1PZ4,11,Deletion,R,T,-2.27,7.73
1PZ4,11,Frameshift,V,P,-4.24,0.0
1PZ4,11,Nonsense,L,Q,-3.39,0.0
1PZ4,11,Silent,S,H,0.0,10.0
1PZ4,12,Substitution,Y,Q,0.45,9.55
1PZ4,12,Substitution,K,R,0.45,9.55
1PZ4,12,Substitution,D,C,0.45,9.55
1PZ4,12,Insertion,C,D,-0.55,9.45
1PZ4,12,Insertion,Y,V,0.5,9.5
1PZ4,12,Insertion,C,A,1.51,8.49
1PZ4,12,Deletion,Q,A,-0.51,9.49
1PZ4,12,Deletion,Q,Y,-0.89,9.11
1PZ4,12,Deletion,K,G,-2.16,7.84
1PZ4,12,Frameshift,C,I,-4.04,0.0
1PZ4,12,Nonsense,E,R,-3.07,0.0
1PZ4,12,Silent,N,P,0.0,10.0
1PZ4,13,Substitution,Q,Y,0.45,9.55
1PZ4,13,Substitution,V,G,0.45,9.55
1PZ4,13,Substitution,M,C,0.45,9.55
1PZ4,13,Insertion,W,W,0.23,9.77
1PZ4,13,Insertion,C,L,-1.03,8.97
1PZ4,13,Insertion,M,V,-1.58,8.42
1PZ4,13,Deletion,R,K,-1.14,8.86
1PZ4,13,Deletion,K,D,-2.42,7.58
1PZ4,13,Deletion,Q,W,-2.05,7.95
1PZ4,13,Frameshift,S,A,-3.98,0.0
1PZ4,13,Nonsense,H,I,-3.37,0.0
1PZ4,13,Silent,H,Y,0.0,10.0
1PZ4,14,Substitution,Y,E,0.45,9.55
1PZ4,14,Substitution,G,H,0.45,9.55
1PZ4,14,Substitution,V,F,0.45,9.55
1PZ4,14,Insertion,Y,D,-0.47,9.53
1PZ4,14,Insertion,Q,H,0.84,9.16
1PZ4,14,Insertion,F,C,-1.31,8.69
1PZ4,14,Deletion,G,R,-0.6,9.4
1PZ4,14,Deletion,H,F,-1.91,8.09
1PZ4,14,Deletion,V,P,0.81,9.19
1PZ4,14,Frameshift,V,F,-3.08,0.0
1PZ4,14,Nonsense,E,T,-4.78,0.0
1PZ4,14,Silent,M,Y,0.0,10.0
1PZ4,15,Substitution,E,C,0.45,9.55
1PZ4,15,Substitution,Y,S,0.45,9.55
1PZ4,15,Substitution,V,I,0.45,9.55
1PZ4,15,Insertion,D,K,0.41,9.59
1PZ4,15,Insertion,G,L,1.02,8.98
1PZ4,15,Insertion,P,T,1.63,8.37
1PZ4,15,Deletion,T,K,0.69,9.31
1PZ4,15,Deletion,C,S,-1.77,8.23
1PZ4,15,Deletion,L,V,-2.55,7.45
1PZ4,15,Frameshift,I,M,-4.01,0.0
1PZ4,15,Nonsense,I,I,-4.55,0.0
1PZ4,15,Silent,T,P,0.0,10.0
1PZ4,16,Substitution,W,F,0.45,9.55
1PZ4,16,Substitution,N,A,0.45,9.55
1PZ4,16,Substitution,F,I,0.45,9.55
1PZ4,16,Insertion,P,I,-1.49,8.51
1PZ4,16,Insertion,M,A,-1.53,8.47
1PZ4,16,Insertion,D,T,1.63,8.37
1PZ4,16,Deletion,I,Q,0.86,9.14
1PZ4,16,Deletion,Y,R,0.69,9.31
1PZ4,16,Deletion,W,W,-2.06,7.94
1PZ4,16,Frameshift,F,F,-3.68,0.0
1PZ4,16,Nonsense,I,L,-4.96,0.0
1PZ4,16,Silent,S,T,0.0,10.0
1PZ4,17,Substitution,I,I,-1.79,8.21
1PZ4,17,Substitution,K,C,0.45,9.55
1PZ4,17,Substitution,R,V,0.45,9.55
1PZ4,17,Insertion,D,T,-0.88,9.12
1PZ4,17,Insertion,E,Q,-1.54,8.46
1PZ4,17,Insertion,V,L,1.07,8.93
1PZ4,17,Deletion,N,I,-2.28,7.72
1PZ4,17,Deletion,P,S,0.22,9.78
1PZ4,17,Deletion,C,M,-2.53,7.47
1PZ4,17,Frameshift,T,I,-3.8,0.0
1PZ4,17,Nonsense,K,I,-4.14,0.0
1PZ4,17,Silent,V,Y,0.0,10.0
1PZ4,18,Substitution,Y,N,0.45,9.55
1PZ4,18,Substitution,W,Q,0.45,9.55
1PZ4,18,Substitution,T,D,0.45,9.55
1PZ4,18,Insertion,H,T,-0.86,9.14
1PZ4,18,Insertion,R,V,0.49,9.51
1PZ4,18,Insertion,I,Q,0.82,9.18
1PZ4,18,Deletion,H,N,-2.49,7.51
1PZ4,18,Deletion,M,P,-2.09,7.91
1PZ4,18,Deletion,R,Y,0.24,9.76
1PZ4,18,Frameshift,R,W,-4.7,0.0
1PZ4,18,Nonsense,N,P,-4.17,0.0
1PZ4,18,Silent,F,A,0.0,10.0
1PZ4,19,Substitution,D,W,0.45,9.55
1PZ4,19,Substitution,H,N,0.45,9.55
1PZ4,19,Substitution,R,F,0.45,9.55
1PZ4,19,Insertion,R,I,-0.14,9.86
1PZ4,19,Insertion,S,I,-0.91,9.09
1PZ4,19,Insertion,F,D,1.76,8.24
1PZ4,19,Deletion,I,D,-1.25,8.75
1PZ4,19,Deletion,L,C,-1.95,8.05
1PZ4,19,Deletion,L,Q,-0.48,9.52
1PZ4,19,Frameshift,C,K,-4.25,0.0
1PZ4,19,Nonsense,K,Y,-3.95,0.0
1PZ4,19,Silent,L,N,0.0,10.0
1PZ4,20,Substitution,T,Q,0.45,9.55
1PZ4,20,Substitution,Q,C,0.45,9.55
1PZ4,20,Substitution,Y,M,0.45,9.55
1PZ4,20,Insertion,S,W,1.22,8.78
1PZ4,20,Insertion,G,W,1.78,8.22
1PZ4,20,Insertion,E,R,-0.18,9.82
1PZ4,20,Deletion,Y,L,0.49,9.51
1PZ4,20,Deletion,D,F,-0.31,9.69
1PZ4,20,Deletion,I,H,-2.67,7.33
1PZ4,20,Frameshift,G,Q,-4.29,0.0
1PZ4,20,Nonsense,P,Y,-4.2,0.0
1PZ4,20,Silent,H,E,0.0,10.0
1PZ4,21,Substitution,Q,D,0.45,9.55
1PZ4,21,Substitution,F,S,0.45,9.55
1PZ4,21,Substitution,Y,E,0.45,9.55
1PZ4,21,Insertion,C,V,0.37,9.63
1PZ4,21,Insertion,W,T,0.49,9.51
1PZ4,21,Insertion,W,P,0.88,9.12
1PZ4,21,Deletion,G,E,-0.83,9.17
1PZ4,21,Deletion,S,P,-2.16,7.84
1PZ4,21,Deletion,T,A,-2.37,7.63
1PZ4,21,Frameshift,Y,T,-3.8,0.0
1PZ4,21,Nonsense,R,M,-3.53,0.0
1PZ4,21,Silent,P,A,0.0,10.0
1PZ4,22,Substitution,T,G,0.45,9.55
1PZ4,22,Substitution,E,Y,0.45,9.55
1PZ4,22,Substitution,S,R,0.45,9.55
1PZ4,22,Insertion,R,G,1.76,8.24
1PZ4,22,Insertion,M,H,0.26,9.74
1PZ4,22,Insertion,S,F,-1.13,8.87
1PZ4,22,Deletion,L,V,-2.09,7.91
1PZ4,22,Deletion,M,T,-0.59,9.41
1PZ4,22,Deletion,P,G,-0.83,9.17
1PZ4,22,Frameshift,P,W,-3.12,0.0
1PZ4,22,Nonsense,L,D,-4.14,0.0
1PZ4,22,Silent,W,F,0.0,10.0
1PZ4,23,Substitution,F,Y,0.45,9.55
1PZ4,23,Substitution,T,L,0.45,9.55
1PZ4,23,Substitution,F,E,0.45,9.55
1PZ4,23,Insertion,G,E,-1.61,8.39
1PZ4,23,Insertion,H,V,1.47,8.53
1PZ4,23,Insertion,E,G,-1.58,8.42
1PZ4,23,Deletion,Q,N,-2.2,7.8
1PZ4,23,Deletion,Y,E,-2.64,7.36
1PZ4,23,Deletion,N,L,-1.67,8.33
1PZ4,23,Frameshift,H,D,-4.45,0.0
1PZ4,23,Nonsense,Q,L,-4.46,0.0
1PZ4,23,Silent,L,P,0.0,10.0
1PZ4,24,Substitution,G,N,0.45,9.55
1PZ4,24,Substitution,K,P,0.45,9.55
1PZ4,24,Substitution,E,M,0.45,9.55
1PZ4,24,Insertion,Y,V,1.45,8.55
1PZ4,24,Insertion,E,V,-0.32,9.68
1PZ4,24,Insertion,H,G,1.43,8.57
1PZ4,24,Deletion,V,M,0.76,9.24
1PZ4,24,Deletion,R,S,0.67,9.33
1PZ4,24,Deletion,L,N,0.13,9.87
1PZ4,24,Frameshift,Q,F,-3.04,0.0
1PZ4,24,Nonsense,V,F,-3.69,0.0
1PZ4,24,Silent,F,T,0.0,10.0
1PZ4,25,Substitution,W,W,-1.79,8.21
1PZ4,25,Substitution,N,K,0.45,9.55
1PZ4,25,Substitution,A,V,0.45,9.55
1PZ4,25,Insertion,E,L,-1.47,8.53
1PZ4,25,Insertion,A,T,1.72,8.28
1PZ4,25,Insertion,C,M,-1.55,8.45
1PZ4,25,Deletion,T,T,-0.49,9.51
1PZ4,25,Deletion,Q,G,0.35,9.65
1PZ4,25,Deletion,L,F,0.7,9.3
1PZ4,25,Frameshift,S,C,-4.8,0.0
1PZ4,25,Nonsense,S,S,-4.08,0.0
1PZ4,25,Silent,H,N,0.0,10.0
1PZ4,26,Substitution,R,I,0.45,9.55
1PZ4,26,Substitution,G,L,0.45,9.55
1PZ4,26,Substitution,D,W,0.45,9.55
1PZ4,26,Insertion,T,H,1.33,8.67
1PZ4,26,Insertion,E,Q,0.91,9.09
1PZ4,26,Insertion,R,I,1.35,8.65
1PZ4,26,Deletion,Y,Q,-1.83,8.17
1PZ4,26,Deletion,K,I,0.84,9.16
1PZ4,26,Deletion,T,C,-2.45,7.55
1PZ4,26,Frameshift,D,I,-4.44,0.0
1PZ4,26,Nonsense,L,Y,-3.4,0.0
1PZ4,26,Silent,H,Y,0.0,10.0
1PZ4,27,Substitution,V,M,0.45,9.55
1PZ4,27,Substitution,W,F,0.45,9.55
1PZ4,27,Substitution,W,M,0.45,9.55
1PZ4,27,Insertion,N,L,-1.45,8.55
1PZ4,27,Insertion,K,E,-0.8,9.2
1PZ4,27,Insertion,I,K,-0.37,9.63
1PZ4,27,Deletion,S,Q,-0.78,9.22
1PZ4,27,Deletion,L,Y,-0.69,9.31
1PZ4,27,Deletion,C,H,-0.49,9.51
1PZ4,27,Frameshift,P,D,-3.21,0.0
1PZ4,27,Nonsense,M,I,-3.99,0.0
1PZ4,27,Silent,A,I,0.0,10.0
1PZ4,28,Substitution,F,S,0.45,9.55
1PZ4,28,Substitution,M,F,0.45,9.55
1PZ4,28,Substitution,E,G,0.45,9.55
1PZ4,28,Insertion,Q,W,1.37,8.63
1PZ4,28,Insertion,N,M,0.02,9.98
1PZ4,28,Insertion,S,A,-0.29,9.71
1PZ4,28,Deletion,P,C,-2.09,7.91
1PZ4,28,Deletion,G,F,-0.68,9.32
1PZ4,28,Deletion,A,E,-0.11,9.89
1PZ4,28,Frameshift,C,F,-3.05,0.0
1PZ4,28,Nonsense,K,Y,-3.16,0.0
1PZ4,28,Silent,G,W,0.0,10.0
1PZ4,29,Substitution,N,M,0.45,9.55
1PZ4,29,Substitution,C,R,0.45,9.55
1PZ4,29,Substitution,N,N,-1.79,8.21
1PZ4,29,Insertion,K,C,1.14,8.86
1PZ4,29,Insertion,N,S,0.76,9.24
1PZ4,29,Insertion,A,D,-1.28,8.72
1PZ4,29,Deletion,K,W,-1.07,8.93
1PZ4,29,Deletion,M,S,-0.62,9.38
1PZ4,29,Deletion,T,F,0.2,9.8
1PZ4,29,Frameshift,R,D,-4.94,0.0
1PZ4,29,Nonsense,S,C,-4.35,0.0
1PZ4,29,Silent,I,R,0.0,10.0
1PZ4,30,Substitution,H,G,0.45,9.55
1PZ4,30,Substitution,K,Y,0.45,9.55
1PZ4,30,Substitution,A,I,0.45,9.55
1PZ4,30,Insertion,D,E,1.31,8.69
1PZ4,30,Insertion,R,G,-0.5,9.5
1PZ4,30,Insertion,D,Q,0.93,9.07
1PZ4,30,Deletion,E,N,-1.85,8.15
1PZ4,30,Deletion,K,D,-2.47,7.53
1PZ4,30,Deletion,R,V,-0.36,9.64
1PZ4,30,Frameshift,G,C,-4.11,0.0
1PZ4,30,Nonsense,G,Q,-3.27,0.0
1PZ4,30,Silent,I,D,0.0,10.0
1PZ4,31,Substitution,W,Q,0.45,9.55
1PZ4,31,Substitution,Y,T,0.45,9.55
1PZ4,31,Substitution,I,Q,0.45,9.55
1PZ4,31,Insertion,G,S,0.74,9.26
1PZ4,31,Insertion,Q,W,1.17,8.83
1PZ4,31,Insertion,W,K,1.22,8.78
1PZ4,31,Deletion,P,H,-0.46,9.54
1PZ4,31,Deletion,K,W,0.44,9.56
1PZ4,31,Deletion,Q,G,-2.25,7.75
1PZ4,31,Frameshift,E,I,-4.47,0.0
1PZ4,31,Nonsense,K,A,-4.06,0.0
1PZ4,31,Silent,Q,M,0.0,10.0
1PZ4,32,Substitution,D,K,0.45,9.55
1PZ4,32,Substitution,Q,K,0.45,9.55
1PZ4,32,Substitution,E,E,-1.79,8.21
1PZ4,32,Insertion,I,C,0.6,9.4
1PZ4,32,Insertion,Q,K,1.75,8.25
1PZ4,32,Insertion,S,T,-0.77,9.23
1PZ4,32,Deletion,N,D,-1.73,8.27
1PZ4,32,Deletion,Q,V,-0.63,9.37
1PZ4,32,Deletion,F,S,0.29,9.71
1PZ4,32,Frameshift,D,N,-4.77,0.0
1PZ4,32,Nonsense,K,K,-3.66,0.0
1PZ4,32,Silent,T,C,0.0,10.0
1PZ4,33,Substitution,A,I,0.45,9.55
1PZ4,33,Substitution,P,R,0.45,9.55
1PZ4,33,Substitution,I,N,0.45,9.55
1PZ4,33,Insertion,N,Q,0.98,9.02
1PZ4,33,Insertion,K,W,1.4,8.6
1PZ4,33,Insertion,I,W,-0.2,9.8
1PZ4,33,Deletion,W,E,-0.26,9.74
1PZ4,33,Deletion,E,N,-0.94,9.06
1PZ4,33,Deletion,N,C,-1.71,8.29
1PZ4,33,Frameshift,K,A,-4.46,0.0
1PZ4,33,Nonsense,G,G,-3.22,0.0
1PZ4,33,Silent,V,T,0.0,10.0
1PZ4,34,Substitution,N,G,0.45,9.55
1PZ4,34,Substitution,I,W,0.45,9.55
1PZ4,34,Substitution,L,A,0.45,9.55
1PZ4,34,Insertion,P,T,0.44,9.56
1PZ4,34,Insertion,Q,D,-0.19,9.81
1PZ4,34,Insertion,Y,T,0.06,9.94
1PZ4,34,Deletion,G,T,-2.66,7.34
1PZ4,34,Deletion,I,M,0.34,9.66
1PZ4,34,Deletion,A,H,0.19,9.81
1PZ4,34,Frameshift,T,L,-4.41,0.0
1PZ4,34,Nonsense,K,K,-3.37,0.0
1PZ4,34,Silent,T,K,0.0,10.0
1PZ4,35,Substitution,T,W,0.45,9.55
1PZ4,35,Substitution,H,K,0.45,9.55
1PZ4,35,Substitution,H,P,0.45,9.55
1PZ4,35,Insertion,M,Q,1.76,8.24
1PZ4,35,Insertion,P,Q,-1.2,8.8
1PZ4,35,Insertion,I,N,0.82,9.18
1PZ4,35,Deletion,I,I,-0.28,9.72
1PZ4,35,Deletion,P,N,-0.27,9.73
1PZ4,35,Deletion,A,P,-0.11,9.89
1PZ4,35,Frameshift,F,I,-3.27,0.0
1PZ4,35,Nonsense,Q,P,-3.34,0.0
1PZ4,35,Silent,T,R,0.0,10.0
1PZ4,36,Substitution,Y,V,0.45,9.55
1PZ4,36,Substitution,V,C,0.45,9.55
1PZ4,36,Substitution,E,A,0.45,9.55
1PZ4,36,Insertion,E,V,-1.46,8.54
1PZ4,36,Insertion,R,I,0.9,9.1
1PZ4,36,Insertion,A,N,-1.5,8.5
1PZ4,36,Deletion,R,K,0.69,9.31
1PZ4,36,Deletion,K,L,-1.39,8.61
1PZ4,36,Deletion,M,P,-2.65,7.35
1PZ4,36,Frameshift,V,W,-3.17,0.0
1PZ4,36,Nonsense,H,D,-3.55,0.0
1PZ4,36,Silent,C,G,0.0,10.0
1PZ4,37,Substitution,D,S,0.45,9.55
1PZ4,37,Substitution,I,C,0.45,9.55
1PZ4,37,Substitution,T,K,0.45,9.55
1PZ4,37,Insertion,N,D,-0.18,9.82
1PZ4,37,Insertion,P,R,-1.63,8.37
1PZ4,37,Insertion,T,G,1.24,8.76
1PZ4,37,Deletion,M,V,-1.24,8.76
1PZ4,37,Deletion,P,K,-1.59,8.41
1PZ4,37,Deletion,N,C,-1.31,8.69
1PZ4,37,Frameshift,D,N,-3.17,0.0
1PZ4,37,Nonsense,I,M,-3.84,0.0
1PZ4,37,Silent,E,A,0.0,10.0
1PZ4,38,Substitution,H,C,0.45,9.55
1PZ4,38,Substitution,F,H,0.45,9.55
1PZ4,38,Substitution,E,F,0.45,9.55
1PZ4,38,Insertion,A,A,1.6,8.4
1PZ4,38,Insertion,W,L,0.52,9.48
1PZ4,38,Insertion,D,M,-0.41,9.59
1PZ4,38,Deletion,M,T,-2.32,7.68
1PZ4,38,Deletion,F,I,-1.38,8.62
1PZ4,38,Deletion,Y,N,-0.68,9.32
1PZ4,38,Frameshift,E,T,-4.72,0.0
1PZ4,38,Nonsense,F,D,-3.07,0.0
1PZ4,38,Silent,E,Q,0.0,10.0
1PZ4,39,Substitution,M,L,0.45,9.55
1PZ4,39,Substitution,W,V,0.45,9.55
1PZ4,39,Substitution,G,R,0.45,9.55
1PZ4,39,Insertion,L,F,1.2,8.8
1PZ4,39,Insertion,F,L,-0.45,9.55
1PZ4,39,Insertion,D,G,0.37,9.63
1PZ4,39,Deletion,K,T,-2.37,7.63
1PZ4,39,Deletion,R,Y,-2.57,7.43
1PZ4,39,Deletion,S,E,0.82,9.18
1PZ4,39,Frameshift,K,T,-3.94,0.0
1PZ4,39,Nonsense,P,W,-4.29,0.0
1PZ4,39,Silent,C,P,0.0,10.0
1PZ4,40,Substitution,W,T,0.45,9.55
1PZ4,40,Substitution,Q,N,0.45,9.55
1PZ4,40,Substitution,N,M,0.45,9.55
1PZ4,40,Insertion,H,E,-0.55,9.45
1PZ4,40,Insertion,D,P,0.45,9.55
1PZ4,40,Insertion,M,E,-0.35,9.65
1PZ4,40,Deletion,T,D,0.47,9.53
1PZ4,40,Deletion,I,W,-1.96,8.04
1PZ4,40,Deletion,I,F,-0.98,9.02
1PZ4,40,Frameshift,E,W,-4.74,0.0
1PZ4,40,Nonsense,C,M,-4.29,0.0
1PZ4,40,Silent,R,N,0.0,10.0
1PZ4,41,Substitution,M,H,0.45,9.55
1PZ4,41,Substitution,F,T,0.45,9.55
1PZ4,41,Substitution,Y,K,0.45,9.55
1PZ4,41,Insertion,Q,N,1.68,8.32
1PZ4,41,Insertion,W,W,0.05,9.95
1PZ4,41,Insertion,N,N,0.91,9.09
1PZ4,41,Deletion,G,E,-1.66,8.34
1PZ4,41,Deletion,A,R,-0.52,9.48
1PZ4,41,Deletion,W,V,-0.09,9.91
1PZ4,41,Frameshift,Q,V,-4.11,0.0
1PZ4,41,Nonsense,R,R,-3.85,0.0
1PZ4,41,Silent,P,D,0.0,10.0
1PZ4,42,Substitution,S,K,0.45,9.55
1PZ4,42,Substitution,I,Y,0.45,9.55
1PZ4,42,Substitution,P,T,0.45,9.55
1PZ4,42,Insertion,T,T,-0.72,9.28
1PZ4,42,Insertion,I,W,-0.67,9.33
1PZ4,42,Insertion,D,F,0.04,9.96
1PZ4,42,Deletion,Q,S,0.05,9.95
1PZ4,42,Deletion,M,D,-0.21,9.79
1PZ4,42,Deletion,L,S,0.25,9.75
1PZ4,42,Frameshift,K,D,-4.58,0.0
1PZ4,42,Nonsense,R,D,-3.0,0.0
1PZ4,42,Silent,I,T,0.0,10.0
1PZ4,43,Substitution,I,H,0.45,9.55
1PZ4,43,Substitution,H,D,0.45,9.55
1PZ4,43,Substitution,A,E,0.45,9.55
1PZ4,43,Insertion,F,A,-1.54,8.46
1PZ4,43,Insertion,P,I,1.56,8.44
1PZ4,43,Insertion,K,A,1.24,8.76
1PZ4,43,Deletion,C,I,-1.26,8.74
1PZ4,43,Deletion,C,Q,-1.68,8.32
1PZ4,43,Deletion,E,G,-1.59,8.41
1PZ4,43,Frameshift,I,D,-3.74,0.0
1PZ4,43,Nonsense,P,P,-3.6,0.0
1PZ4,43,Silent,P,W,0.0,10.0
1PZ4,44,Substitution,G,S,0.45,9.55
1PZ4,44,Substitution,C,I,0.45,9.55
1PZ4,44,Substitution,T,C,0.45,9.55
1PZ4,44,Insertion,L,S,-0.08,9.92
1PZ4,44,Insertion,C,C,0.75,9.25
1PZ4,44,Insertion,R,C,-0.78,9.22
1PZ4,44,Deletion,I,Q,-2.14,7.86
1PZ4,44,Deletion,H,H,-1.88,8.12
1PZ4,44,Deletion,K,P,-0.52,9.48
1PZ4,44,Frameshift,W,T,-3.56,0.0
1PZ4,44,Nonsense,L,L,-3.36,0.0
1PZ4,44,Silent,Y,Y,0.0,10.0
1PZ4,45,Substitution,V,Q,0.45,9.55
1PZ4,45,Substitution,V,Q,0.45,9.55
1PZ4,45,Substitution,Y,R,0.45,9.55
1PZ4,45,Insertion,E,P,1.49,8.51
1PZ4,45,Insertion,I,V,-0.35,9.65
1PZ4,45,Insertion,Q,C,-1.31,8.69
1PZ4,45,Deletion,C,M,-1.71,8.29
1PZ4,45,Deletion,T,R,-2.32,7.68
1PZ4,45,Deletion,T,V,-1.7,8.3
1PZ4,45,Frameshift,G,T,-4.87,0.0
1PZ4,45,Nonsense,V,I,-4.99,0.0
1PZ4,45,Silent,F,N,0.0,10.0
1PZ4,46,Substitution,M,A,0.45,9.55
1PZ4,46,Substitution,M,W,0.45,9.55
1PZ4,46,Substitution,K,C,0.45,9.55
1PZ4,46,Insertion,N,E,1.03,8.97
1PZ4,46,Insertion,R,W,-0.24,9.76
1PZ4,46,Insertion,T,G,-0.44,9.56
1PZ4,46,Deletion,N,W,-2.36,7.64
1PZ4,46,Deletion,A,L,-2.19,7.81
1PZ4,46,Deletion,M,P,-2.03,7.97
1PZ4,46,Frameshift,N,M,-3.1,0.0
1PZ4,46,Nonsense,R,K,-4.79,0.0
1PZ4,46,Silent,W,W,0.0,10.0
1PZ4,47,Substitution,N,F,0.45,9.55
1PZ4,47,Substitution,L,T,0.45,9.55
1PZ4,47,Substitution,F,S,0.45,9.55
1PZ4,47,Insertion,H,K,-0.09,9.91
1PZ4,47,Insertion,S,V,0.48,9.52
1PZ4,47,Insertion,D,N,-1.78,8.22
1PZ4,47,Deletion,H,K,-2.02,7.98
1PZ4,47,Deletion,F,P,-1.2,8.8
1PZ4,47,Deletion,C,S,-1.36,8.64
1PZ4,47,Frameshift,G,M,-3.54,0.0
1PZ4,47,Nonsense,A,E,-3.64,0.0
1PZ4,47,Silent,P,P,0.0,10.0
1PZ4,48,Substitution,C,K,0.45,9.55
1PZ4,48,Substitution,I,H,0.45,9.55
1PZ4,48,Substitution,E,V,0.45,9.55
1PZ4,48,Insertion,D,G,0.52,9.48
1PZ4,48,Insertion,I,A,1.4,8.6
1PZ4,48,Insertion,M,D,0.6,9.4
1PZ4,48,Deletion,T,L,-0.74,9.26
1PZ4,48,Deletion,R,L,-2.63,7.37
1PZ4,48,Deletion,F,G,-1.48,8.52
1PZ4,48,Frameshift,T,E,-3.1,0.0
1PZ4,48,Nonsense,D,D,-4.19,0.0
1PZ4,48,Silent,T,N,0.0,10.0
1PZ4,49,Substitution,Y,M,0.45,9.55
1PZ4,49,Substitution,E,G,0.45,9.55
1PZ4,49,Substitution,A,Y,0.45,9.55
1PZ4,49,Insertion,S,R,-1.0,9.0
1PZ4,49,Insertion,N,L,0.97,9.03
1PZ4,49,Insertion,K,C,-1.14,8.86
1PZ4,49,Deletion,H,A,-0.04,9.96
1PZ4,49,Deletion,H,Y,-0.39,9.61
1PZ4,49,Deletion,N,S,-0.65,9.35
1PZ4,49,Frameshift,E,P,-3.05,0.0
1PZ4,49,Nonsense,R,W,-4.95,0.0
1PZ4,49,Silent,M,I,0.0,10.0
1PZ4,50,Substitution,A,I,0.45,9.55
1PZ4,50,Substitution,P,E,0.45,9.55
1PZ4,50,Substitution,I,D,0.45,9.55
1PZ4,50,Insertion,K,C,0.37,9.63
1PZ4,50,Insertion,P,R,-1.58,8.42
1PZ4,50,Insertion,N,E,1.64,8.36
1PZ4,50,Deletion,K,F,-0.78,9.22
1PZ4,50,Deletion,Y,V,-0.38,9.62
1PZ4,50,Deletion,K,T,-1.88,8.12
1PZ4,50,Frameshift,N,H,-4.72,0.0
1PZ4,50,Nonsense,L,P,-4.45,0.0
1PZ4,50,Silent,P,I,0.0,10.0
1UBQ,1,Substitution,R,M,0.47,9.53
1UBQ,1,Substitution,I,H,0.47,9.53
1UBQ,1,Substitution,W,M,0.47,9.53
1UBQ,1,Insertion,M,E,-1.36,8.64
1UBQ,1,Insertion,D,C,0.84,9.16
1UBQ,1,Insertion,G,C,-1.21,8.79
1UBQ,1,Deletion,A,N,-0.53,9.47
1UBQ,1,Deletion,N,T,-0.86,9.14
1UBQ,1,Deletion,L,S,-1.97,8.03
1UBQ,1,Frameshift,R,W,-4.24,0.0
1UBQ,1,Nonsense,Y,D,-3.28,0.0
1UBQ,1,Silent,H,K,0.0,10.0
1UBQ,2,Substitution,H,V,0.47,9.53
1UBQ,2,Substitution,E,Q,0.47,9.53
1UBQ,2,Substitution,V,K,0.47,9.53
1UBQ,2,Insertion,C,Y,-0.98,9.02
1UBQ,2,Insertion,H,N,-0.02,9.98
1UBQ,2,Insertion,R,D,1.56,8.44
1UBQ,2,Deletion,E,V,-0.33,9.67
1UBQ,2,Deletion,C,G,-2.06,7.94
1UBQ,2,Deletion,E,V,0.1,9.9
1UBQ,2,Frameshift,C,L,-3.21,0.0
1UBQ,2,Nonsense,Q,S,-4.35,0.0
1UBQ,2,Silent,Q,I,0.0,10.0
1UBQ,3,Substitution,S,P,0.47,9.53
1UBQ,3,Substitution,V,R,0.47,9.53
1UBQ,3,Substitution,P,K,0.47,9.53
1UBQ,3,Insertion,R,P,-1.62,8.38
1UBQ,3,Insertion,H,K,1.03,8.97
1UBQ,3,Insertion,N,I,-1.88,8.12
1UBQ,3,Deletion,M,W,-0.16,9.84
1UBQ,3,Deletion,D,D,0.08,9.92
1UBQ,3,Deletion,F,L,-1.49,8.51
1UBQ,3,Frameshift,K,H,-3.3,0.0
1UBQ,3,Nonsense,N,C,-4.81,0.0
1UBQ,3,Silent,F,D,0.0,10.0
1UBQ,4,Substitution,N,I,0.47,9.53
1UBQ,4,Substitution,D,A,0.95,9.05
1UBQ,4,Substitution,D,F,0.47,9.53
1UBQ,4,Insertion,R,Q,1.33,8.67
1UBQ,4,Insertion,F,Q,-0.02,9.98
1UBQ,4,Insertion,K,R,-0.28,9.72
1UBQ,4,Deletion,L,P,-2.08,7.92
1UBQ,4,Deletion,H,T,-1.66,8.34
1UBQ,4,Deletion,E,F,-1.9,8.1
1UBQ,4,Frameshift,P,R,-3.49,0.0
1UBQ,4,Nonsense,E,P,-4.85,0.0
1UBQ,4,Silent,W,C,0.0,10.0
1UBQ,5,Substitution,L,P,0.47,9.53
1UBQ,5,Substitution,G,N,0.47,9.53
1UBQ,5,Substitution,N,Y,0.47,9.53
1UBQ,5,Insertion,M,H,1.55,8.45
1UBQ,5,Insertion,A,Y,-0.56,9.44
1UBQ,5,Insertion,D,H,-1.27,8.73
1UBQ,5,Deletion,K,F,-0.22,9.78
1UBQ,5,Deletion,L,N,-1.92,8.08
1UBQ,5,Deletion,K,Y,-1.47,8.53
1UBQ,5,Frameshift,T,Y,-4.51,0.0
1UBQ,5,Nonsense,H,C,-3.58,0.0
1UBQ,5,Silent,F,T,0.0,10.0
1UBQ,6,Substitution,T,T,-1.9,8.1
1UBQ,6,Substitution,C,C,-1.9,8.1
1UBQ,6,Substitution,F,A,0.95,9.05
1UBQ,6,Insertion,A,W,0.69,9.31
1UBQ,6,Insertion,N,G,-0.98,9.02
1UBQ,6,Insertion,E,M,-0.5,9.5
1UBQ,6,Deletion,T,G,-1.45,8.55
1UBQ,6,Deletion,Y,C,-0.44,9.56
1UBQ,6,Deletion,M,S,0.18,9.82
1UBQ,6,Frameshift,K,G,-3.61,0.0
1UBQ,6,Nonsense,D,Y,-4.35,0.0
1UBQ,6,Silent,E,W,0.0,10.0
1UBQ,7,Substitution,D,W,0.47,9.53
1UBQ,7,Substitution,Y,H,0.47,9.53
1UBQ,7,Substitution,Y,K,0.47,9.53
1UBQ,7,Insertion,A,I,-0.43,9.57
1UBQ,7,Insertion,V,I,-1.38,8.62
1UBQ,7,Insertion,V,L,-0.92,9.08
1UBQ,7,Deletion,S,S,-0.74,9.26
1UBQ,7,Deletion,T,C,0.94,9.06
1UBQ,7,Deletion,N,F,0.57,9.43
1UBQ,7,Frameshift,K,K,-4.3,0.0
1UBQ,7,Nonsense,S,S,-3.21,0.0
1UBQ,7,Silent,A,Y,0.0,10.0
1UBQ,8,Substitution,M,T,0.47,9.53
1UBQ,8,Substitution,I,E,0.47,9.53
1UBQ,8,Substitution,G,I,0.47,9.53
1UBQ,8,Insertion,Y,D,-0.49,9.51
1UBQ,8,Insertion,D,V,-1.29,8.71
1UBQ,8,Insertion,V,C,0.73,9.27
1UBQ,8,Deletion,S,K,-2.18,7.82
1UBQ,8,Deletion,E,A,-0.97,9.03
1UBQ,8,Deletion,S,Y,-1.46,8.54
1UBQ,8,Frameshift,I,H,-3.56,0.0
1UBQ,8,Nonsense,A,S,-4.81,0.0
1UBQ,8,Silent,W,Q,0.0,10.0
1UBQ,9,Substitution,G,G,-1.9,8.1
1UBQ,9,Substitution,P,W,0.47,9.53
1UBQ,9,Substitution,I,C,0.47,9.53
1UBQ,9,Insertion,A,R,-0.03,9.97
1UBQ,9,Insertion,F,S,-0.83,9.17
1UBQ,9,Insertion,D,T,-1.73,8.27
1UBQ,9,Deletion,N,Q,0.63,9.37
1UBQ,9,Deletion,D,K,0.77,9.23
1UBQ,9,Deletion,T,Q,0.82,9.18
1UBQ,9,Frameshift,D,A,-4.85,0.0
1UBQ,9,Nonsense,A,D,-4.66,0.0
1UBQ,9,Silent,L,D,0.0,10.0
1UBQ,10,Substitution,I,Q,0.47,9.53
1UBQ,10,Substitution,V,R,0.47,9.53
1UBQ,10,Substitution,C,L,0.47,9.53
1UBQ,10,Insertion,C,T,1.32,8.68
1UBQ,10,Insertion,K,M,0.79,9.21
1UBQ,10,Insertion,H,L,1.18,8.82
1UBQ,10,Deletion,D,V,0.44,9.56
1UBQ,10,Deletion,P,H,-0.94,9.06
1UBQ,10,Deletion,P,Y,-0.38,9.62
1UBQ,10,Frameshift,Q,S,-4.9,0.0
1UBQ,10,Nonsense,W,R,-4.25,0.0
1UBQ,10,Silent,C,W,0.0,10.0
1UBQ,11,Substitution,T,Y,0.47,9.53
1UBQ,11,Substitution,L,G,0.47,9.53
1UBQ,11,Substitution,R,M,0.47,9.53
1UBQ,11,Insertion,F,A,1.25,8.75
1UBQ,11,Insertion,N,N,0.47,9.53
1UBQ,11,Insertion,E,G,-1.7,8.3
1UBQ,11,Deletion,Y,R,-0.19,9.81
1UBQ,11,Deletion,I,Y,-2.35,7.65
1UBQ,11,Deletion,V,L,-1.62,8.38
1UBQ,11,Frameshift,T,W,-4.12,0.0
1UBQ,11,Nonsense,F,K,-3.62,0.0
1UBQ,11,Silent,A,A,0.0,10.0
1UBQ,12,Substitution,R,C,0.47,9.53
1UBQ,12,Substitution,S,I,0.47,9.53
1UBQ,12,Substitution,P,A,0.47,9.53
1UBQ,12,Insertion,S,H,0.6,9.4
1UBQ,12,Insertion,F,D,-0.96,9.04
1UBQ,12,Insertion,S,W,0.98,9.02
1UBQ,12,Deletion,Q,F,-2.49,7.51
1UBQ,12,Deletion,Q,Y,-2.18,7.82
1UBQ,12,Deletion,S,S,0.22,9.78
1UBQ,12,Frameshift,E,A,-4.07,0.0
1UBQ,12,Nonsense,F,L,-3.1,0.0
1UBQ,12,Silent,E,C,0.0,10.0
1UBQ,13,Substitution,Y,L,0.47,9.53
1UBQ,13,Substitution,W,A,0.47,9.53
1UBQ,13,Substitution,F,P,0.47,9.53
1UBQ,13,Insertion,E,S,-1.63,8.37
1UBQ,13,Insertion,C,T,1.4,8.6
1UBQ,13,Insertion,Y,N,-0.42,9.58
1UBQ,13,Deletion,A,A,0.23,9.77
1UBQ,13,Deletion,M,F,-0.47,9.53
1UBQ,13,Deletion,A,A,-0.37,9.63
1UBQ,13,Frameshift,M,N,-4.45,0.0
1UBQ,13,Nonsense,N,Q,-4.96,0.0
1UBQ,13,Silent,W,V,0.0,10.0
1UBQ,14,Substitution,D,T,0.47,9.53
1UBQ,14,Substitution,I,L,0.47,9.53
1UBQ,14,Substitution,C,W,0.47,9.53
1UBQ,14,Insertion,K,H,-1.45,8.55
1UBQ,14,Insertion,V,P,1.66,8.34
1UBQ,14,Insertion,E,E,-1.23,8.77
1UBQ,14,Deletion,K,D,0.91,9.09
1UBQ,14,Deletion,S,E,-1.44,8.56
1UBQ,14,Deletion,H,F,-1.94,8.06
1UBQ,14,Frameshift,P,D,-4.79,0.0
1UBQ,14,Nonsense,T,T,-3.99,0.0
1UBQ,14,Silent,S,P,0.0,10.0
1UBQ,15,Substitution,W,T,0.47,9.53
1UBQ,15,Substitution,E,N,0.47,9.53
1UBQ,15,Substitution,K,W,0.47,9.53
1UBQ,15,Insertion,N,K,-0.69,9.31
1UBQ,15,Insertion,Q,Y,0.28,9.72
1UBQ,15,Insertion,R,S,-0.2,9.8
1UBQ,15,Deletion,D,N,-1.6,8.4
1UBQ,15,Deletion,E,S,0.15,9.85
1UBQ,15,Deletion,P,L,0.85,9.15
1UBQ,15,Frameshift,Q,F,-3.53,0.0
1UBQ,15,Nonsense,M,M,-4.77,0.0
1UBQ,15,Silent,N,K,0.0,10.0
1UBQ,16,Substitution,L,N,0.47,9.53
1UBQ,16,Substitution,T,G,0.47,9.53
1UBQ,16,Substitution,H,Q,0.47,9.53
1UBQ,16,Insertion,P,I,-1.62,8.38
1UBQ,16,Insertion,V,C,-1.59,8.41
1UBQ,16,Insertion,F,G,1.85,8.15
1UBQ,16,Deletion,S,P,-1.44,8.56
1UBQ,16,Deletion,Y,T,0.75,9.25
1UBQ,16,Deletion,P,E,-1.52,8.48
1UBQ,16,Frameshift,W,N,-3.88,0.0
1UBQ,16,Nonsense,L,W,-4.78,0.0
1UBQ,16,Silent,D,P,0.0,10.0
1UBQ,17,Substitution,P,V,0.47,9.53
1UBQ,17,Substitution,Y,I,0.47,9.53
1UBQ,17,Substitution,K,H,0.47,9.53
1UBQ,17,Insertion,A,D,0.32,9.68
1UBQ,17,Insertion,T,A,-1.05,8.95
1UBQ,17,Insertion,G,N,1.82,8.18
1UBQ,17,Deletion,P,R,0.54,9.46
1UBQ,17,Deletion,M,F,-1.89,8.11
1UBQ,17,Deletion,W,Y,-2.56,7.44
1UBQ,17,Frameshift,R,K,-4.57,0.0
1UBQ,17,Nonsense,R,A,-3.74,0.0
1UBQ,17,Silent,D,S,0.0,10.0
1UBQ,18,Substitution,M,N,0.47,9.53
1UBQ,18,Substitution,L,S,0.47,9.53
1UBQ,18,Substitution,I,G,0.47,9.53
1UBQ,18,Insertion,N,I,-1.25,8.75
1UBQ,18,Insertion,E,I,-0.56,9.44
1UBQ,18,Insertion,V,F,1.8,8.2
1UBQ,18,Deletion,T,K,-1.67,8.33
1UBQ,18,Deletion,Y,P,-0.25,9.75
1UBQ,18,Deletion,P,Q,-2.56,7.44
1UBQ,18,Frameshift,G,V,-4.17,0.0
1UBQ,18,Nonsense,F,R,-3.16,0.0
1UBQ,18,Silent,L,V,0.0,10.0
1UBQ,19,Substitution,P,F,0.47,9.53
1UBQ,19,Substitution,A,A,-1.9,8.1
1UBQ,19,Substitution,V,R,0.47,9.53
1UBQ,19,Insertion,T,M,0.36,9.64
1UBQ,19,Insertion,T,P,-1.66,8.34
1UBQ,19,Insertion,K,D,-1.39,8.61
1UBQ,19,Deletion,S,G,-0.22,9.78
1UBQ,19,Deletion,F,F,0.94,9.06
1UBQ,19,Deletion,F,F,0.03,9.97
1UBQ,19,Frameshift,W,T,-4.52,0.0
1UBQ,19,Nonsense,K,Q,-4.5,0.0
1UBQ,19,Silent,P,P,0.0,10.0
1UBQ,20,Substitution,E,A,0.47,9.53
1UBQ,20,Substitution,T,I,0.47,9.53
1UBQ,20,Substitution,C,I,0.47,9.53
1UBQ,20,Insertion,H,C,-0.09,9.91
1UBQ,20,Insertion,D,V,1.34,8.66
1UBQ,20,Insertion,N,F,-1.56,8.44
1UBQ,20,Deletion,T,S,-1.03,8.97
1UBQ,20,Deletion,R,F,-0.49,9.51
1UBQ,20,Deletion,C,M,-2.04,7.96
1UBQ,20,Frameshift,G,C,-4.3,0.0
1UBQ,20,Nonsense,C,V,-4.22,0.0
1UBQ,20,Silent,W,C,0.0,10.0
1UBQ,21,Substitution,Y,G,0.47,9.53
1UBQ,21,Substitution,A,R,0.47,9.53
1UBQ,21,Substitution,L,W,0.47,9.53
1UBQ,21,Insertion,T,F,1.13,8.87
1UBQ,21,Insertion,L,T,-0.03,9.97
1UBQ,21,Insertion,Y,F,1.82,8.18
1UBQ,21,Deletion,C,P,-2.05,7.95
1UBQ,21,Deletion,M,S,-1.55,8.45
1UBQ,21,Deletion,R,S,-2.27,7.73
1UBQ,21,Frameshift,S,I,-4.64,0.0
1UBQ,21,Nonsense,E,D,-3.25,0.0
1UBQ,21,Silent,V,W,0.0,10.0
1UBQ,22,Substitution,W,F,0.47,9.53
1UBQ,22,Substitution,V,L,0.47,9.53
1UBQ,22,Substitution,G,A,0.47,9.53
1UBQ,22,Insertion,F,K,-0.55,9.45
1UBQ,22,Insertion,Q,C,-1.41,8.59
1UBQ,22,Insertion,P,K,-1.55,8.45
1UBQ,22,Deletion,R,R,-0.91,9.09
1UBQ,22,Deletion,M,S,-2.62,7.38
1UBQ,22,Deletion,E,A,-2.53,7.47
1UBQ,22,Frameshift,D,Y,-4.58,0.0
1UBQ,22,Nonsense,Q,Q,-4.07,0.0
1UBQ,22,Silent,P,Q,0.0,10.0
1UBQ,23,Substitution,W,H,0.47,9.53
1UBQ,23,Substitution,D,R,0.47,9.53
1UBQ,23,Substitution,Q,M,0.47,9.53
1UBQ,23,Insertion,R,P,1.4,8.6
1UBQ,23,Insertion,G,D,-0.39,9.61
1UBQ,23,Insertion,F,L,0.24,9.76
1UBQ,23,Deletion,T,H,-2.51,7.49
1UBQ,23,Deletion,N,T,-1.55,8.45
1UBQ,23,Deletion,E,L,0.15,9.85
1UBQ,23,Frameshift,P,V,-4.83,0.0
1UBQ,23,Nonsense,R,C,-3.88,0.0
1UBQ,23,Silent,I,T,0.0,10.0
1UBQ,24,Substitution,N,W,0.47,9.53
1UBQ,24,Substitution,L,K,0.47,9.53
1UBQ,24,Substitution,F,G,0.47,9.53
1UBQ,24,Insertion,Y,C,-0.97,9.03
1UBQ,24,Insertion,P,G,0.4,9.6
1UBQ,24,Insertion,A,G,-0.51,9.49
1UBQ,24,Deletion,S,E,0.38,9.62
1UBQ,24,Deletion,K,D,-0.86,9.14
1UBQ,24,Deletion,I,F,0.88,9.12
1UBQ,24,Frameshift,G,C,-3.85,0.0
1UBQ,24,Nonsense,M,E,-4.99,0.0
1UBQ,24,Silent,T,G,0.0,10.0
1UBQ,25,Substitution,W,C,0.47,9.53
1UBQ,25,Substitution,R,M,0.47,9.53
1UBQ,25,Substitution,I,W,0.47,9.53
1UBQ,25,Insertion,P,N,-1.12,8.88
1UBQ,25,Insertion,E,W,-1.14,8.86
1UBQ,25,Insertion,Y,T,0.11,9.89
1UBQ,25,Deletion,A,Q,-1.75,8.25
1UBQ,25,Deletion,F,M,0.69,9.31
1UBQ,25,Deletion,P,M,-0.59,9.41
1UBQ,25,Frameshift,G,V,-4.09,0.0
1UBQ,25,Nonsense,F,L,-3.02,0.0
1UBQ,25,Silent,P,I,0.0,10.0
1UBQ,26,Substitution,C,Y,0.47,9.53
1UBQ,26,Substitution,A,F,0.95,9.05
1UBQ,26,Substitution,K,T,0.47,9.53
1UBQ,26,Insertion,K,M,-0.1,9.9
1UBQ,26,Insertion,G,D,-0.57,9.43
1UBQ,26,Insertion,T,F,1.26,8.74
1UBQ,26,Deletion,N,V,-2.38,7.62
1UBQ,26,Deletion,M,K,-2.07,7.93
1UBQ,26,Deletion,D,D,0.67,9.33
1UBQ,26,Frameshift,I,M,-3.41,0.0
1UBQ,26,Nonsense,Q,D,-4.67,0.0
1UBQ,26,Silent,F,W,0.0,10.0
1UBQ,27,Substitution,Q,E,0.47,9.53
1UBQ,27,Substitution,P,L,0.47,9.53
1UBQ,27,Substitution,V,I,0.47,9.53
1UBQ,27,Insertion,I,H,0.81,9.19
1UBQ,27,Insertion,W,G,0.15,9.85
1UBQ,27,Insertion,R,A,-1.02,8.98
1UBQ,27,Deletion,A,R,-1.39,8.61
1UBQ,27,Deletion,Q,I,-1.98,8.02
1UBQ,27,Deletion,H,W,-1.21,8.79
1UBQ,27,Frameshift,D,H,-3.54,0.0
1UBQ,27,Nonsense,L,Y,-3.41,0.0
1UBQ,27,Silent,A,Y,0.0,10.0
1UBQ,28,Substitution,H,E,0.47,9.53
1UBQ,28,Substitution,G,A,0.47,9.53
1UBQ,28,Substitution,F,A,0.95,9.05
1UBQ,28,Insertion,E,C,1.0,9.0
1UBQ,28,Insertion,L,A,-1.51,8.49
1UBQ,28,Insertion,P,R,1.32,8.68
1UBQ,28,Deletion,Y,R,0.18,9.82
1UBQ,28,Deletion,F,R,-1.3,8.7
1UBQ,28,Deletion,P,C,-2.8,7.2
1UBQ,28,Frameshift,W,W,-3.87,0.0
1UBQ,28,Nonsense,M,F,-3.35,0.0
1UBQ,28,Silent,L,I,0.0,10.0
1UBQ,29,Substitution,G,G,-1.9,8.1
1UBQ,29,Substitution,I,R,0.47,9.53
1UBQ,29,Substitution,Q,M,0.47,9.53
1UBQ,29,Insertion,N,P,-1.37,8.63
1UBQ,29,Insertion,V,A,-1.83,8.17
1UBQ,29,Insertion,M,N,-1.51,8.49
1UBQ,29,Deletion,S,E,0.15,9.85
1UBQ,29,Deletion,F,I,-0.37,9.63
1UBQ,29,Deletion,T,K,-1.24,8.76
1UBQ,29,Frameshift,Q,I,-3.32,0.0
1UBQ,29,Nonsense,M,A,-4.77,0.0
1UBQ,29,Silent,Q,E,0.0,10.0
1UBQ,30,Substitution,A,W,0.47,9.53
1UBQ,30,Substitution,I,R,0.47,9.53
1UBQ,30,Substitution,R,K,0.47,9.53
1UBQ,30,Insertion,K,L,1.15,8.85
1UBQ,30,Insertion,K,D,-0.39,9.61
1UBQ,30,Insertion,M,G,-0.58,9.42
1UBQ,30,Deletion,V,C,0.64,9.36
1UBQ,30,Deletion,M,N,0.62,9.38
1UBQ,30,Deletion,H,Y,-1.26,8.74
1UBQ,30,Frameshift,A,T,-3.44,0.0
1UBQ,30,Nonsense,M,V,-3.67,0.0
1UBQ,30,Silent,H,T,0.0,10.0
1UBQ,31,Substitution,Y,K,0.47,9.53
1UBQ,31,Substitution,T,Y,0.47,9.53
1UBQ,31,Substitution,I,T,0.47,9.53
1UBQ,31,Insertion,H,A,-0.72,9.28
1UBQ,31,Insertion,W,W,-0.57,9.43
1UBQ,31,Insertion,T,P,-0.46,9.54
1UBQ,31,Deletion,S,I,-0.62,9.38
1UBQ,31,Deletion,A,Q,-0.14,9.86
1UBQ,31,Deletion,V,C,-0.82,9.18
1UBQ,31,Frameshift,T,V,-4.01,0.0
1UBQ,31,Nonsense,W,E,-4.64,0.0
1UBQ,31,Silent,H,D,0.0,10.0
1UBQ,32,Substitution,L,L,-1.9,8.1
1UBQ,32,Substitution,W,Q,0.47,9.53
1UBQ,32,Substitution,C,A,0.0,10.0
1UBQ,32,Insertion,V,H,0.6,9.4
1UBQ,32,Insertion,A,D,-1.02,8.98
1UBQ,32,Insertion,I,R,0.26,9.74
1UBQ,32,Deletion,W,A,-0.73,9.27
1UBQ,32,Deletion,I,C,0.21,9.79
1UBQ,32,Deletion,Q,Q,0.3,9.7
1UBQ,32,Frameshift,E,Y,-3.66,0.0
1UBQ,32,Nonsense,Q,S,-4.83,0.0
1UBQ,32,Silent,L,H,0.0,10.0
1UBQ,33,Substitution,A,W,0.47,9.53
1UBQ,33,Substitution,S,W,0.47,9.53
1UBQ,33,Substitution,E,V,0.47,9.53
1UBQ,33,Insertion,C,A,1.21,8.79
1UBQ,33,Insertion,Y,M,-0.91,9.09
1UBQ,33,Insertion,C,D,0.34,9.66
1UBQ,33,Deletion,N,Y,-0.48,9.52
1UBQ,33,Deletion,G,K,-1.19,8.81
1UBQ,33,Deletion,N,D,0.75,9.25
1UBQ,33,Frameshift,N,T,-3.26,0.0
1UBQ,33,Nonsense,Q,T,-4.03,0.0
1UBQ,33,Silent,T,Q,0.0,10.0
1UBQ,34,Substitution,K,I,0.47,9.53
1UBQ,34,Substitution,C,P,0.47,9.53
1UBQ,34,Substitution,H,K,0.47,9.53
1UBQ,34,Insertion,M,Q,1.84,8.16
1UBQ,34,Insertion,P,C,-0.87,9.13
1UBQ,34,Insertion,M,G,1.57,8.43
1UBQ,34,Deletion,L,E,-0.96,9.04
1UBQ,34,Deletion,C,T,-1.31,8.69
1UBQ,34,Deletion,G,N,-2.07,7.93
1UBQ,34,Frameshift,L,G,-3.54,0.0
1UBQ,34,Nonsense,C,N,-3.73,0.0
1UBQ,34,Silent,H,L,0.0,10.0
1UBQ,35,Substitution,P,T,0.47,9.53
1UBQ,35,Substitution,Q,C,0.47,9.53
1UBQ,35,Substitution,M,A,0.47,9.53
1UBQ,35,Insertion,W,E,1.03,8.97
1UBQ,35,Insertion,M,I,-0.24,9.76
1UBQ,35,Insertion,E,T,0.84,9.16
1UBQ,35,Deletion,I,D,0.76,9.24
1UBQ,35,Deletion,R,F,-1.01,8.99
1UBQ,35,Deletion,E,R,-1.85,8.15
1UBQ,35,Frameshift,D,Y,-4.9,0.0
1UBQ,35,Nonsense,P,M,-4.33,0.0
1UBQ,35,Silent,C,K,0.0,10.0
1UBQ,36,Substitution,K,I,0.47,9.53
1UBQ,36,Substitution,T,A,0.47,9.53
1UBQ,36,Substitution,M,I,0.47,9.53
1UBQ,36,Insertion,L,H,-1.61,8.39
1UBQ,36,Insertion,V,F,-1.89,8.11
1UBQ,36,Insertion,W,G,0.34,9.66
1UBQ,36,Deletion,W,F,-2.5,7.5
1UBQ,36,Deletion,T,T,0.76,9.24
1UBQ,36,Deletion,T,R,-2.52,7.48
1UBQ,36,Frameshift,S,W,-3.54,0.0
1UBQ,36,Nonsense,T,F,-3.62,0.0
1UBQ,36,Silent,G,I,0.0,10.0
1UBQ,37,Substitution,V,N,0.47,9.53
1UBQ,37,Substitution,R,K,0.47,9.53
1UBQ,37,Substitution,P,R,0.47,9.53
1UBQ,37,Insertion,L,S,1.62,8.38
1UBQ,37,Insertion,H,Q,-1.44,8.56
1UBQ,37,Insertion,H,K,-1.17,8.83
1UBQ,37,Deletion,I,V,-1.25,8.75
1UBQ,37,Deletion,V,Y,0.36,9.64
1UBQ,37,Deletion,V,L,-0.4,9.6
1UBQ,37,Frameshift,Q,D,-3.88,0.0
1UBQ,37,Nonsense,P,C,-3.23,0.0
1UBQ,37,Silent,M,I,0.0,10.0
1UBQ,38,Substitution,N,H,0.47,9.53
1UBQ,38,Substitution,R,T,0.47,9.53
1UBQ,38,Substitution,E,P,0.47,9.53
1UBQ,38,Insertion,V,A,1.47,8.53
1UBQ,38,Insertion,L,N,-1.01,8.99
1UBQ,38,Insertion,D,L,1.86,8.14
1UBQ,38,Deletion,P,P,-1.39,8.61
1UBQ,38,Deletion,D,H,-2.81,7.19
1UBQ,38,Deletion,T,N,-0.47,9.53
1UBQ,38,Frameshift,N,R,-4.2,0.0
1UBQ,38,Nonsense,H,Y,-3.52,0.0
1UBQ,38,Silent,T,D,0.0,10.0
1UBQ,39,Substitution,P,Q,0.47,9.53
1UBQ,39,Substitution,V,E,0.47,9.53
1UBQ,39,Substitution,V,F,0.47,9.53
1UBQ,39,Insertion,S,A,1.56,8.44
1UBQ,39,Insertion,R,K,-1.48,8.52
1UBQ,39,Insertion,E,N,1.73,8.27
1UBQ,39,Deletion,F,F,-2.51,7.49
1UBQ,39,Deletion,G,H,0.49,9.51
1UBQ,39,Deletion,Q,M,0.58,9.42
1UBQ,39,Frameshift,C,H,-3.02,0.0
1UBQ,39,Nonsense,I,Y,-3.32,0.0
1UBQ,39,Silent,W,P,0.0,10.0
1UBQ,40,Substitution,Q,L,0.47,9.53
1UBQ,40,Substitution,M,C,0.47,9.53
1UBQ,40,Substitution,K,T,0.47,9.53
1UBQ,40,Insertion,D,G,1.14,8.86
1UBQ,40,Insertion,R,T,0.07,9.93
1UBQ,40,Insertion,Y,T,-1.24,8.76
1UBQ,40,Deletion,L,D,0.03,9.97
1UBQ,40,Deletion,T,D,0.25,9.75
1UBQ,40,Deletion,G,P,-2.0,8.0
1UBQ,40,Frameshift,R,K,-3.21,0.0
1UBQ,40,Nonsense,F,C,-4.09,0.0
1UBQ,40,Silent,D,K,0.0,10.0
1UBQ,41,Substitution,D,C,0.47,9.53
1UBQ,41,Substitution,N,L,0.47,9.53
1UBQ,41,Substitution,K,R,0.47,9.53
1UBQ,41,Insertion,I,F,0.89,9.11
1UBQ,41,Insertion,C,R,-1.88,8.12
1UBQ,41,Insertion,F,S,-0.02,9.98
1UBQ,41,Deletion,G,F,-2.01,7.99
1UBQ,41,Deletion,P,F,0.92,9.08
1UBQ,41,Deletion,V,I,0.5,9.5
1UBQ,41,Frameshift,W,D,-4.3,0.0
1UBQ,41,Nonsense,C,I,-3.87,0.0
1UBQ,41,Silent,P,A,0.0,10.0
1UBQ,42,Substitution,G,W,0.47,9.53
1UBQ,42,Substitution,S,I,0.47,9.53
1UBQ,42,Substitution,A,S,0.47,9.53
1UBQ,42,Insertion,K,P,1.28,8.72
1UBQ,42,Insertion,L,E,0.45,9.55
1UBQ,42,Insertion,G,H,1.45,8.55
1UBQ,42,Deletion,P,W,0.49,9.51
1UBQ,42,Deletion,L,L,0.27,9.73
1UBQ,42,Deletion,H,V,0.26,9.74
1UBQ,42,Frameshift,Q,P,-3.99,0.0
1UBQ,42,Nonsense,H,C,-4.43,0.0
1UBQ,42,Silent,Q,T,0.0,10.0
1UBQ,43,Substitution,K,T,0.47,9.53
1UBQ,43,Substitution,I,C,0.47,9.53
1UBQ,43,Substitution,P,D,0.47,9.53
1UBQ,43,Insertion,S,G,-0.82,9.18
1UBQ,43,Insertion,H,L,-0.26,9.74
1UBQ,43,Insertion,C,R,1.64,8.36
1UBQ,43,Deletion,E,Y,-0.24,9.76
1UBQ,43,Deletion,V,E,-1.71,8.29
1UBQ,43,Deletion,T,N,-2.59,7.41
1UBQ,43,Frameshift,L,A,-4.88,0.0
1UBQ,43,Nonsense,V,V,-3.02,0.0
1UBQ,43,Silent,R,N,0.0,10.0
1UBQ,44,Substitution,E,D,0.47,9.53
1UBQ,44,Substitution,Y,N,0.47,9.53
1UBQ,44,Substitution,H,M,0.47,9.53
1UBQ,44,Insertion,A,G,-0.49,9.51
1UBQ,44,Insertion,W,M,0.7,9.3
1UBQ,44,Insertion,C,Q,-0.12,9.88
1UBQ,44,Deletion,E,T,-2.46,7.54
1UBQ,44,Deletion,K,H,-0.85,9.15
1UBQ,44,Deletion,M,Y,0.34,9.66
1UBQ,44,Frameshift,R,Q,-4.54,0.0
1UBQ,44,Nonsense,M,D,-3.1,0.0
1UBQ,44,Silent,N,R,0.0,10.0
1UBQ,45,Substitution,S,F,0.47,9.53
1UBQ,45,Substitution,Y,G,0.47,9.53
1UBQ,45,Substitution,W,F,0.47,9.53
1UBQ,45,Insertion,D,A,-0.68,9.32
1UBQ,45,Insertion,G,R,0.93,9.07
1UBQ,45,Insertion,D,T,0.58,9.42
1UBQ,45,Deletion,N,V,0.43,9.57
1UBQ,45,Deletion,S,I,-2.24,7.76
1UBQ,45,Deletion,T,I,0.08,9.92
1UBQ,45,Frameshift,Q,V,-3.48,0.0
1UBQ,45,Nonsense,D,N,-4.93,0.0
1UBQ,45,Silent,D,Y,0.0,10.0
1UBQ,46,Substitution,Q,R,0.47,9.53
1UBQ,46,Substitution,Q,H,0.47,9.53
1UBQ,46,Substitution,T,N,0.47,9.53
1UBQ,46,Insertion,Y,E,0.22,9.78
1UBQ,46,Insertion,S,C,1.13,8.87
1UBQ,46,Insertion,M,P,-1.33,8.67
1UBQ,46,Deletion,V,V,-1.03,8.97
1UBQ,46,Deletion,G,M,-0.21,9.79
1UBQ,46,Deletion,A,G,0.6,9.4
1UBQ,46,Frameshift,M,W,-4.79,0.0
1UBQ,46,Nonsense,T,N,-3.03,0.0
1UBQ,46,Silent,R,S,0.0,10.0
1UBQ,47,Substitution,Y,A,0.47,9.53
1UBQ,47,Substitution,L,I,0.47,9.53
1UBQ,47,Substitution,V,A,0.47,9.53
1UBQ,47,Insertion,C,A,-1.57,8.43
1UBQ,47,Insertion,P,A,1.23,8.77
1UBQ,47,Insertion,H,C,1.81,8.19
1UBQ,47,Deletion,Q,V,0.27,9.73
1UBQ,47,Deletion,L,N,-2.45,7.55
1UBQ,47,Deletion,M,D,0.56,9.44
1UBQ,47,Frameshift,K,G,-3.77,0.0
1UBQ,47,Nonsense,K,V,-3.13,0.0
1UBQ,47,Silent,I,V,0.0,10.0
1UBQ,48,Substitution,Y,R,0.47,9.53
1UBQ,48,Substitution,H,M,0.47,9.53
1UBQ,48,Substitution,Y,S,0.47,9.53
1UBQ,48,Insertion,E,G,1.21,8.79
1UBQ,48,Insertion,D,K,-1.28,8.72
1UBQ,48,Insertion,Q,M,0.85,9.15
1UBQ,48,Deletion,N,N,-2.24,7.76
1UBQ,48,Deletion,P,W,-2.02,7.98
1UBQ,48,Deletion,Q,E,-0.02,9.98
1UBQ,48,Frameshift,W,N,-3.89,0.0
1UBQ,48,Nonsense,V,W,-4.54,0.0
1UBQ,48,Silent,K,D,0.0,10.0
1UBQ,49,Substitution,L,W,0.47,9.53
1UBQ,49,Substitution,D,R,0.47,9.53
1UBQ,49,Substitution,A,H,0.47,9.53
1UBQ,49,Insertion,N,T,1.4,8.6
1UBQ,49,Insertion,Y,F,-0.59,9.41
1UBQ,49,Insertion,N,Y,0.02,9.98
1UBQ,49,Deletion,V,T,-0.9,9.1
1UBQ,49,Deletion,K,E,-2.74,7.26
1UBQ,49,Deletion,C,E,0.47,9.53
1UBQ,49,Frameshift,C,E,-4.16,0.0
1UBQ,49,Nonsense,L,W,-3.82,0.0
1UBQ,49,Silent,N,D,0.0,10.0
1UBQ,50,Substitution,P,V,0.47,9.53
1UBQ,50,Substitution,I,R,0.47,9.53
1UBQ,50,Substitution,A,D,0.95,9.05
1UBQ,50,Insertion,I,E,1.55,8.45
1UBQ,50,Insertion,L,N,-0.48,9.52
1UBQ,50,Insertion,C,F,1.35,8.65
1UBQ,50,Deletion,P,K,-1.91,8.09
1UBQ,50,Deletion,R,Q,-0.89,9.11
1UBQ,50,Deletion,Y,C,-2.49,7.51
1UBQ,50,Frameshift,T,C,-3.28,0.0
1UBQ,50,Nonsense,F,A,-3.45,0.0
1UBQ,50,Silent,E,P,0.0,10.0
